Timestamp,Open,High,Low,Close,Volume
1782107640,7000.0,7000.0,7000.0,7000.0,30
1782107700,7000.0,7000.0,7000.0,7000.0,0
1782107760,7000.0,7000.0,7000.0,7000.0,0
1782107820,7000.0,7000.0,7000.0,7000.0,0
1782107880,7000.0,7000.0,7000.0,7000.0,0
1782107940,7000.0,7000.0,7000.0,7000.0,0
1782108000,7000.0,7000.0,7000.0,7000.0,0
1782108060,7000.0,7000.0,7000.0,7000.0,0
1782108120,7000.0,7000.0,7000.0,7000.0,0
1782108180,7000.0,7000.0,7000.0,7000.0,0
1782108240,7000.0,7000.0,7000.0,7000.0,0
1782108300,7000.0,7000.0,7000.0,7000.0,0
1782108360,7000.0,7000.0,7000.0,7000.0,0
1782108420,7000.0,7000.0,7000.0,7000.0,0
1782108480,7000.0,7000.0,7000.0,7000.0,0
1782108540,7000.0,7000.0,7000.0,7000.0,0
1782108600,7000.0,7000.0,7000.0,7000.0,0
1782108660,7000.0,7000.0,7000.0,7000.0,0
1782108720,7000.0,7000.0,7000.0,7000.0,0
1782108780,7000.0,7000.0,7000.0,7000.0,0
1782108840,7000.0,7000.0,7000.0,7000.0,0
1782108900,7000.0,7000.0,7000.0,7000.0,0
1782108960,7000.0,7000.0,7000.0,7000.0,0
1782109020,7000.0,7000.0,7000.0,7000.0,0
1782109080,7000.0,7000.0,7000.0,7000.0,0
1782109140,7000.0,7000.0,7000.0,7000.0,0
1782109200,7000.0,7000.0,7000.0,7000.0,0
1782109260,7000.0,7000.0,7000.0,7000.0,0
1782109320,7000.0,7000.0,7000.0,7000.0,0
1782109380,7000.0,7000.0,7000.0,7000.0,0
1782109440,7000.0,7000.0,7000.0,7000.0,0
1782109500,7000.0,7000.0,7000.0,7000.0,0
1782109560,7000.0,7000.0,7000.0,7000.0,0
1782109620,7000.0,7000.0,7000.0,7000.0,0
1782109680,7000.0,7000.0,7000.0,7000.0,0
1782109740,7000.0,7000.0,7000.0,7000.0,0
1782109800,7000.0,7000.0,7000.0,7000.0,0
1782109860,7000.0,7000.0,7000.0,7000.0,0
1782109920,7000.0,7000.0,7000.0,7000.0,0
1782109980,7000.0,7000.0,7000.0,7000.0,0
1782110040,7000.0,7000.0,7000.0,7000.0,0
1782110100,7000.0,7000.0,7000.0,7000.0,0
1782110160,7000.0,7000.0,7000.0,7000.0,0
1782110220,7000.0,7000.0,7000.0,7000.0,0
1782110280,7000.0,7000.0,7000.0,7000.0,0
1782110340,7000.0,7000.0,7000.0,7000.0,0
1782110400,7000.0,7000.0,7000.0,7000.0,0
1782110460,7000.0,7000.0,7000.0,7000.0,0
1782110520,7000.0,7000.0,7000.0,7000.0,0
1782110580,7000.0,7000.0,7000.0,7000.0,0
1782110640,7000.0,7000.0,7000.0,7000.0,0
1782110700,7000.0,7000.0,7000.0,7000.0,0
1782110760,7000.0,7000.0,7000.0,7000.0,0
1782110820,7000.0,7000.0,7000.0,7000.0,0
1782110880,7000.0,7000.0,7000.0,7000.0,0
1782110940,7000.0,7000.0,7000.0,7000.0,0
1782111000,7000.0,7000.0,7000.0,7000.0,0
1782111060,7000.0,7000.0,7000.0,7000.0,0
1782111120,7000.0,7000.0,7000.0,7000.0,0
1782111180,7000.0,7000.0,7000.0,7000.0,0
1782111240,7000.0,7000.0,7000.0,7000.0,0
1782111300,7000.0,7000.0,7000.0,7000.0,0
1782111360,7000.0,7000.0,7000.0,7000.0,0
1782111420,7000.0,7000.0,7000.0,7000.0,0
1782111480,7000.0,7000.0,7000.0,7000.0,0
1782111540,7000.0,7000.0,7000.0,7000.0,0
1782111600,7000.0,7000.0,7000.0,7000.0,0
1782111660,7000.0,7000.0,7000.0,7000.0,0
1782111720,7000.0,7000.0,7000.0,7000.0,0
1782111780,7000.0,7000.0,7000.0,7000.0,0
1782111840,7000.0,7000.0,7000.0,7000.0,0
1782111900,7000.0,7000.0,7000.0,7000.0,0
1782111960,7000.0,7000.0,7000.0,7000.0,0
1782112020,7000.0,7000.0,7000.0,7000.0,0
1782112080,7000.0,7000.0,7000.0,7000.0,0
1782112140,7000.0,7000.0,7000.0,7000.0,0
1782112200,7000.0,7000.0,7000.0,7000.0,0
1782112260,7000.0,7000.0,7000.0,7000.0,0
1782112320,7000.0,7000.0,7000.0,7000.0,0
1782112380,7000.0,7000.0,7000.0,7000.0,0
1782112440,7000.0,7000.0,7000.0,7000.0,0
1782112500,7000.0,7000.0,7000.0,7000.0,0
1782112560,7000.0,7000.0,7000.0,7000.0,0
1782112620,7000.0,7000.0,7000.0,7000.0,0
1782112680,7000.0,7000.0,7000.0,7000.0,0
1782112740,7000.0,7000.0,7000.0,7000.0,0
1782112800,7000.0,7000.0,7000.0,7000.0,0
1782112860,7000.0,7000.0,7000.0,7000.0,0
1782112920,7000.0,7000.0,7000.0,7000.0,0
1782112980,7000.0,7000.0,7000.0,7000.0,0
1782113040,7000.0,7000.0,7000.0,7000.0,0
1782113100,7000.0,7000.0,7000.0,7000.0,0
1782113160,7000.0,7000.0,7000.0,7000.0,0
1782113220,7000.0,7000.0,7000.0,7000.0,0
1782113280,7000.0,7000.0,7000.0,7000.0,0
1782113340,7000.0,7000.0,7000.0,7000.0,0
1782113400,7000.0,7000.0,7000.0,7000.0,0
1782113460,7000.0,7000.0,7000.0,7000.0,0
1782113520,7000.0,7000.0,7000.0,7000.0,0
1782113580,7000.0,7000.0,7000.0,7000.0,0
1782113640,7000.0,7000.0,7000.0,7000.0,0
1782113700,7000.0,7000.0,7000.0,7000.0,0
1782113760,7000.0,7000.0,7000.0,7000.0,0
1782113820,7000.0,7000.0,7000.0,7000.0,0
1782113880,7000.0,7000.0,7000.0,7000.0,0
1782113940,7000.0,7000.0,7000.0,7000.0,0
1782114000,7000.0,7000.0,7000.0,7000.0,0
1782114060,7000.0,7000.0,7000.0,7000.0,0
1782114120,7000.0,7000.0,7000.0,7000.0,0
1782114180,7000.0,7000.0,7000.0,7000.0,0
1782114240,7000.0,7000.0,7000.0,7000.0,0
1782114300,7000.0,7000.0,7000.0,7000.0,0
1782114360,7000.0,7000.0,7000.0,7000.0,0
1782114420,7000.0,7000.0,7000.0,7000.0,0
1782114480,7000.0,7000.0,7000.0,7000.0,0
1782114540,7000.0,7000.0,7000.0,7000.0,0
1782114600,7000.0,7000.0,7000.0,7000.0,0
1782114660,7000.0,7000.0,7000.0,7000.0,0
1782114720,7000.0,7000.0,7000.0,7000.0,0
1782114780,7000.0,7000.0,7000.0,7000.0,0
1782114840,7000.0,7000.0,7000.0,7000.0,0
1782114900,7000.0,7000.0,7000.0,7000.0,0
1782114960,7000.0,7000.0,7000.0,7000.0,0
1782115020,7000.0,7000.0,7000.0,7000.0,0
1782115080,7000.0,7000.0,7000.0,7000.0,0
1782115140,7000.0,7000.0,7000.0,7000.0,0
1782115200,7000.0,7000.0,7000.0,7000.0,0
1782115260,7000.0,7000.0,7000.0,7000.0,0
1782115320,7000.0,7000.0,7000.0,7000.0,0
1782115380,7000.0,7000.0,7000.0,7000.0,0
1782115440,7000.0,7000.0,7000.0,7000.0,0
1782115500,7000.0,7000.0,7000.0,7000.0,0
1782115560,7000.0,7000.0,7000.0,7000.0,0
1782115620,7000.0,7000.0,7000.0,7000.0,0
1782115680,7000.0,7000.0,7000.0,7000.0,0
1782115740,7000.0,7000.0,7000.0,7000.0,0
1782115800,7000.0,7000.0,7000.0,7000.0,0
1782115860,7000.0,7000.0,7000.0,7000.0,0
1782115920,7000.0,7000.0,7000.0,7000.0,0
1782115980,7000.0,7000.0,7000.0,7000.0,0
1782116040,7000.0,7000.0,7000.0,7000.0,0
1782116100,7000.0,7000.0,7000.0,7000.0,0
1782116160,7000.0,7000.0,7000.0,7000.0,0
1782116220,7000.0,7000.0,7000.0,7000.0,0
1782116280,7000.0,7000.0,7000.0,7000.0,0
1782116340,7000.0,7000.0,7000.0,7000.0,0
1782116400,7000.0,7000.0,7000.0,7000.0,0
1782116460,7000.0,7000.0,7000.0,7000.0,0
1782116520,7000.0,7000.0,7000.0,7000.0,0
1782116580,7000.0,7000.0,7000.0,7000.0,0
1782116640,7000.0,7000.0,7000.0,7000.0,0
1782116700,7000.0,7000.0,7000.0,7000.0,0
1782116760,7000.0,7000.0,7000.0,7000.0,0
1782116820,7000.0,7000.0,7000.0,7000.0,0
1782116880,7000.0,7000.0,7000.0,7000.0,0
1782116940,7000.0,7000.0,7000.0,7000.0,0
1782117000,7000.0,7000.0,7000.0,7000.0,0
1782117060,7000.0,7000.0,7000.0,7000.0,0
1782117120,7000.0,7000.0,7000.0,7000.0,0
1782117180,7000.0,7000.0,7000.0,7000.0,0
1782117240,7000.0,7000.0,7000.0,7000.0,0
1782117300,7000.0,7000.0,7000.0,7000.0,0
1782117360,7000.0,7000.0,7000.0,7000.0,0
1782117420,7000.0,7000.0,7000.0,7000.0,0
1782117480,7000.0,7000.0,7000.0,7000.0,0
1782117540,7000.0,7000.0,7000.0,7000.0,0
1782117600,7000.0,7000.0,7000.0,7000.0,30
1782117660,7000.0,7000.0,7000.0,7000.0,0
1782117720,7000.0,7000.0,7000.0,7000.0,0
1782117780,7000.0,7000.0,7000.0,7000.0,0
1782117840,7000.0,7000.0,7000.0,7000.0,0
1782117900,7000.0,7000.0,7000.0,7000.0,0
1782117960,7000.0,7000.0,7000.0,7000.0,0
1782118020,7000.0,7000.0,7000.0,7000.0,0
1782118080,7000.0,7000.0,7000.0,7000.0,0
1782118140,7000.0,7000.0,7000.0,7000.0,0
1782118200,7000.0,7000.0,7000.0,7000.0,0
1782118260,7000.0,7000.0,7000.0,7000.0,0
1782118320,7000.0,7000.0,7000.0,7000.0,0
1782118380,7000.0,7000.0,7000.0,7000.0,0
1782118440,7000.0,7000.0,7000.0,7000.0,0
1782118500,7000.0,7000.0,7000.0,7000.0,0
1782118560,7000.0,7000.0,7000.0,7000.0,0
1782118620,7000.0,7000.0,7000.0,7000.0,0
1782118680,7000.0,7000.0,7000.0,7000.0,0
1782118740,7000.0,7000.0,7000.0,7000.0,0
1782118800,7000.0,7000.0,7000.0,7000.0,0
1782118860,7000.0,7000.0,7000.0,7000.0,0
1782118920,7000.0,7000.0,7000.0,7000.0,0
1782118980,7000.0,7000.0,7000.0,7000.0,0
1782119040,7000.0,7000.0,7000.0,7000.0,0
1782119100,7000.0,7000.0,7000.0,7000.0,0
1782119160,7000.0,7000.0,7000.0,7000.0,0
1782119220,7000.0,7000.0,7000.0,7000.0,0
1782119280,7000.0,7000.0,7000.0,7000.0,0
1782119340,7000.0,7000.0,7000.0,7000.0,0
1782119400,7000.0,7000.0,7000.0,7000.0,0
1782119460,7000.0,7000.0,7000.0,7000.0,0
1782119520,7000.0,7000.0,7000.0,7000.0,0
1782119580,7000.0,7000.0,7000.0,7000.0,0
1782119640,7000.0,7000.0,7000.0,7000.0,0
1782119700,7000.0,7000.0,7000.0,7000.0,0
1782119760,7000.0,7000.0,7000.0,7000.0,0
1782119820,7000.0,7000.0,7000.0,7000.0,0
1782119880,7000.0,7000.0,7000.0,7000.0,0
1782119940,7000.0,7000.0,6950.0,6950.0,30
1782120000,6950.0,6950.0,6950.0,6950.0,0
1782120060,6950.0,6950.0,6950.0,6950.0,0
1782120120,6950.0,6950.0,6950.0,6950.0,0
1782120180,6950.0,6950.0,6950.0,6950.0,0
1782120240,6950.0,6950.0,6950.0,6950.0,0
1782120300,6950.0,6950.0,6950.0,6950.0,0
1782120360,6950.0,6950.0,6950.0,6950.0,0
1782120420,6950.0,6950.0,6950.0,6950.0,0
1782120480,6950.0,6950.0,6950.0,6950.0,0
1782120540,6950.0,6950.0,6950.0,6950.0,30
1782120600,6950.0,6950.0,6950.0,6950.0,0
1782120660,6950.0,6950.0,6950.0,6950.0,0
1782120720,6950.0,6950.0,6950.0,6950.0,0
1782120780,6950.0,6950.0,6950.0,6950.0,0
1782120840,6950.0,6950.0,6950.0,6950.0,0
1782120900,6950.0,6950.0,6950.0,6950.0,0
1782120960,6950.0,6950.0,6950.0,6950.0,0
1782121020,6950.0,6950.0,6950.0,6950.0,0
1782121080,6950.0,6950.0,6950.0,6950.0,0
1782121140,6950.0,6950.0,6950.0,6950.0,0
1782121200,6950.0,6950.0,6950.0,6950.0,0
1782121260,6950.0,6950.0,6950.0,6950.0,0
1782121320,6950.0,6950.0,6950.0,6950.0,0
1782121380,6950.0,6950.0,6950.0,6950.0,0
1782121440,6950.0,6950.0,6950.0,6950.0,0
1782121500,6950.0,6950.0,6950.0,6950.0,0
1782121560,6950.0,6950.0,6950.0,6950.0,0
1782121620,6950.0,6950.0,6950.0,6950.0,0
1782121680,6950.0,6950.0,6950.0,6950.0,0
1782121740,6950.0,6950.0,6950.0,6950.0,0
1782121800,6950.0,6950.0,6950.0,6950.0,0
1782121860,6950.0,6950.0,6950.0,6950.0,0
1782121920,6950.0,6950.0,6950.0,6950.0,0
1782121980,6950.0,6950.0,6950.0,6950.0,0
1782122040,6950.0,6950.0,6950.0,6950.0,0
1782122100,6950.0,6950.0,6950.0,6950.0,0
1782122160,6950.0,6950.0,6950.0,6950.0,0
1782122220,6950.0,6950.0,6950.0,6950.0,0
1782122280,6950.0,6950.0,6950.0,6950.0,0
1782122340,6950.0,6950.0,6950.0,6950.0,0
1782190980,6699.0,6699.0,6699.0,6699.0,30
1782191040,6699.0,6699.0,6699.0,6699.0,0
1782191100,6699.0,6699.0,6699.0,6699.0,0
1782191160,6699.0,6699.0,6699.0,6699.0,0
1782191220,6699.0,6699.0,6699.0,6699.0,0
1782191280,6699.0,6699.0,6699.0,6699.0,0
1782191340,6699.0,6699.0,6699.0,6699.0,0
1782191400,6699.0,6699.0,6699.0,6699.0,0
1782191460,6699.0,6699.0,6699.0,6699.0,0
1782191520,6699.0,6699.0,6699.0,6699.0,0
1782191580,6699.0,6699.0,6699.0,6699.0,0
1782191640,6699.0,6699.0,6699.0,6699.0,0
1782191700,6699.0,6699.0,6699.0,6699.0,0
1782191760,6699.0,6699.0,6699.0,6699.0,0
1782191820,6699.0,6699.0,6699.0,6699.0,0
1782191880,6699.0,6699.0,6699.0,6699.0,0
1782191940,6699.0,6699.0,6699.0,6699.0,0
1782192000,6699.0,6699.0,6699.0,6699.0,0
1782192060,6699.0,6699.0,6699.0,6699.0,0
1782192120,6699.0,6699.0,6699.0,6699.0,0
1782192180,6699.0,6699.0,6699.0,6699.0,0
1782192240,6699.0,6699.0,6699.0,6699.0,0
1782192300,6699.0,6699.0,6699.0,6699.0,0
1782192360,6699.0,6699.0,6699.0,6699.0,0
1782192420,6699.0,6699.0,6699.0,6699.0,0
1782192480,6699.0,6699.0,6699.0,6699.0,0
1782192540,6699.0,6699.0,6699.0,6699.0,0
1782192600,6699.0,6699.0,6699.0,6699.0,0
1782192660,6699.0,6699.0,6699.0,6699.0,0
1782192720,6699.0,6699.0,6699.0,6699.0,0
1782192780,6699.0,6699.0,6699.0,6699.0,0
1782192840,6699.0,6699.0,6699.0,6699.0,0
1782192900,6699.0,6699.0,6699.0,6699.0,0
1782192960,6699.0,6699.0,6699.0,6699.0,0
1782193020,6699.0,6699.0,6699.0,6699.0,0
1782193080,6699.0,6699.0,6699.0,6699.0,0
1782193140,6699.0,6699.0,6699.0,6699.0,0
1782193200,6699.0,6699.0,6699.0,6699.0,0
1782193260,6699.0,6699.0,6699.0,6699.0,0
1782193320,6699.0,6699.0,6699.0,6699.0,0
1782193380,6699.0,6699.0,6699.0,6699.0,0
1782193440,6699.0,6699.0,6699.0,6699.0,0
1782193500,6699.0,6699.0,6699.0,6699.0,0
1782193560,6699.0,6699.0,6699.0,6699.0,0
1782193620,6699.0,6699.0,6699.0,6699.0,0
1782193680,6699.0,6699.0,6699.0,6699.0,0
1782193740,6699.0,6699.0,6699.0,6699.0,0
1782193800,6699.0,6699.0,6699.0,6699.0,0
1782193860,6699.0,6699.0,6699.0,6699.0,0
1782193920,6699.0,6699.0,6699.0,6699.0,0
1782193980,6699.0,6699.0,6699.0,6699.0,0
1782194040,6699.0,6699.0,6699.0,6699.0,0
1782194100,6699.0,6699.0,6699.0,6699.0,0
1782194160,6699.0,6699.0,6699.0,6699.0,0
1782194220,6699.0,6699.0,6699.0,6699.0,0
1782194280,6699.0,6699.0,6699.0,6699.0,0
1782194340,6699.0,6699.0,6699.0,6699.0,0
1782194400,6699.0,6699.0,6699.0,6699.0,0
1782194460,6699.0,6699.0,6699.0,6699.0,0
1782194520,6699.0,6699.0,6699.0,6699.0,0
1782194580,6699.0,6699.0,6699.0,6699.0,0
1782194640,6699.0,6699.0,6699.0,6699.0,0
1782194700,6699.0,6699.0,6699.0,6699.0,0
1782194760,6699.0,6699.0,6699.0,6699.0,0
1782194820,6699.0,6699.0,6699.0,6699.0,0
1782194880,6699.0,6699.0,6699.0,6699.0,0
1782194940,6699.0,6699.0,6699.0,6699.0,0
1782195000,6699.0,6699.0,6699.0,6699.0,0
1782195060,6699.0,6699.0,6699.0,6699.0,0
1782195120,6699.0,6699.0,6699.0,6699.0,0
1782195180,6699.0,6699.0,6699.0,6699.0,0
1782195240,6699.0,6699.0,6699.0,6699.0,0
1782195300,6699.0,6699.0,6699.0,6699.0,0
1782195360,6699.0,6819.0,6699.0,6819.0,30
1782195420,6819.0,6819.0,6819.0,6819.0,0
1782195480,6819.0,6819.0,6819.0,6819.0,0
1782195540,6819.0,6819.0,6819.0,6819.0,0
1782195600,6819.0,6819.0,6819.0,6819.0,0
1782195660,6819.0,6819.0,6819.0,6819.0,0
1782195720,6819.0,6819.0,6819.0,6819.0,0
1782195780,6819.0,6819.0,6819.0,6819.0,0
1782195840,6819.0,6819.0,6819.0,6819.0,0
1782195900,6819.0,6819.0,6819.0,6819.0,0
1782195960,6819.0,6819.0,6819.0,6819.0,0
1782196020,6819.0,6819.0,6819.0,6819.0,0
1782196080,6819.0,6819.0,6819.0,6819.0,0
1782196140,6819.0,6819.0,6819.0,6819.0,0
1782196200,6819.0,6819.0,6819.0,6819.0,0
1782196260,6819.0,6819.0,6819.0,6819.0,0
1782196320,6819.0,6819.0,6819.0,6819.0,0
1782196380,6819.0,6819.0,6819.0,6819.0,0
1782196440,6819.0,6819.0,6819.0,6819.0,0
1782196500,6819.0,6819.0,6819.0,6819.0,0
1782196560,6819.0,6819.0,6819.0,6819.0,0
1782196620,6819.0,6819.0,6819.0,6819.0,0
1782196680,6819.0,6819.0,6819.0,6819.0,0
1782196740,6819.0,6819.0,6819.0,6819.0,0
1782196800,6819.0,6819.0,6819.0,6819.0,0
1782196860,6819.0,6819.0,6819.0,6819.0,0
1782196920,6819.0,6819.0,6819.0,6819.0,0
1782196980,6819.0,6819.0,6819.0,6819.0,0
1782197040,6819.0,6819.0,6819.0,6819.0,0
1782197100,6819.0,6819.0,6819.0,6819.0,0
1782197160,6819.0,6819.0,6819.0,6819.0,0
1782197220,6819.0,6819.0,6819.0,6819.0,0
1782197280,6819.0,6819.0,6819.0,6819.0,0
1782197340,6819.0,6819.0,6819.0,6819.0,0
1782197400,6819.0,6819.0,6819.0,6819.0,0
1782197460,6819.0,6819.0,6819.0,6819.0,0
1782197520,6819.0,6819.0,6819.0,6819.0,0
1782197580,6819.0,6819.0,6819.0,6819.0,0
1782197640,6819.0,6819.0,6819.0,6819.0,0
1782197700,6819.0,6819.0,6819.0,6819.0,0
1782197760,6819.0,6819.0,6819.0,6819.0,0
1782197820,6819.0,6819.0,6819.0,6819.0,0
1782197880,6819.0,6819.0,6819.0,6819.0,0
1782197940,6819.0,6819.0,6819.0,6819.0,0
1782198000,6819.0,6819.0,6819.0,6819.0,0
1782198060,6819.0,6819.0,6819.0,6819.0,0
1782198120,6819.0,6819.0,6819.0,6819.0,0
1782198180,6819.0,6819.0,6819.0,6819.0,0
1782198240,6819.0,6819.0,6819.0,6819.0,0
1782198300,6819.0,6819.0,6819.0,6819.0,0
1782198360,6819.0,6819.0,6819.0,6819.0,0
1782198420,6819.0,6819.0,6819.0,6819.0,0
1782198480,6819.0,6819.0,6819.0,6819.0,0
1782198540,6819.0,6819.0,6819.0,6819.0,0
1782198600,6819.0,6819.0,6819.0,6819.0,0
1782198660,6819.0,6819.0,6819.0,6819.0,0
1782198720,6819.0,6819.0,6819.0,6819.0,0
1782198780,6819.0,6819.0,6819.0,6819.0,0
1782198840,6819.0,6819.0,6819.0,6819.0,0
1782198900,6819.0,6819.0,6819.0,6819.0,0
1782198960,6819.0,6819.0,6819.0,6819.0,0
1782199020,6819.0,6819.0,6819.0,6819.0,0
1782199080,6819.0,6819.0,6819.0,6819.0,0
1782199140,6819.0,6819.0,6819.0,6819.0,0
1782199200,6819.0,6819.0,6819.0,6819.0,0
1782199260,6819.0,6819.0,6819.0,6819.0,0
1782199320,6819.0,6819.0,6819.0,6819.0,0
1782199380,6819.0,6819.0,6819.0,6819.0,0
1782199440,6819.0,6819.0,6819.0,6819.0,0
1782199500,6819.0,6819.0,6819.0,6819.0,0
1782199560,6819.0,6819.0,6819.0,6819.0,0
1782199620,6819.0,6819.0,6819.0,6819.0,0
1782199680,6819.0,6819.0,6819.0,6819.0,0
1782199740,6819.0,6819.0,6819.0,6819.0,0
1782199800,6819.0,6819.0,6819.0,6819.0,0
1782199860,6819.0,6819.0,6819.0,6819.0,0
1782199920,6819.0,6819.0,6819.0,6819.0,0
1782199980,6819.0,6819.0,6819.0,6819.0,0
1782200040,6819.0,6819.0,6819.0,6819.0,0
1782200100,6819.0,6819.0,6819.0,6819.0,0
1782200160,6819.0,6819.0,6819.0,6819.0,0
1782200220,6819.0,6819.0,6819.0,6819.0,0
1782200280,6819.0,6819.0,6819.0,6819.0,0
1782200340,6819.0,6819.0,6819.0,6819.0,0
1782200400,6819.0,6819.0,6819.0,6819.0,0
1782200460,6819.0,6819.0,6819.0,6819.0,0
1782200520,6819.0,6819.0,6819.0,6819.0,0
1782200580,6819.0,6819.0,6819.0,6819.0,0
1782200640,6819.0,6819.0,6819.0,6819.0,0
1782200700,6819.0,6819.0,6819.0,6819.0,0
1782200760,6819.0,6819.0,6819.0,6819.0,0
1782200820,6819.0,6819.0,6819.0,6819.0,0
1782200880,6819.0,6819.0,6819.0,6819.0,0
1782200940,6819.0,6819.0,6819.0,6819.0,0
1782201000,6819.0,6819.0,6819.0,6819.0,0
1782201060,6819.0,6819.0,6819.0,6819.0,0
1782201120,6819.0,6819.0,6819.0,6819.0,0
1782201180,6819.0,6819.0,6819.0,6819.0,0
1782201240,6819.0,6819.0,6819.0,6819.0,0
1782201300,6819.0,6819.0,6819.0,6819.0,0
1782201360,6819.0,6819.0,6819.0,6819.0,0
1782201420,6819.0,6819.0,6819.0,6819.0,0
1782201480,6819.0,6819.0,6819.0,6819.0,0
1782201540,6819.0,6819.0,6819.0,6819.0,0
1782201600,6819.0,6819.0,6819.0,6819.0,0
1782201660,6819.0,6819.0,6819.0,6819.0,0
1782201720,6819.0,6819.0,6819.0,6819.0,0
1782201780,6819.0,6819.0,6819.0,6819.0,0
1782201840,6819.0,6819.0,6819.0,6819.0,0
1782201900,6819.0,6819.0,6819.0,6819.0,0
1782201960,6819.0,6819.0,6819.0,6819.0,0
1782202020,6819.0,6819.0,6819.0,6819.0,0
1782202080,6819.0,6819.0,6819.0,6819.0,0
1782202140,6819.0,6819.0,6819.0,6819.0,0
1782202200,6819.0,6819.0,6819.0,6819.0,0
1782202260,6819.0,6819.0,6819.0,6819.0,0
1782202320,6819.0,6819.0,6819.0,6819.0,0
1782202380,6819.0,6819.0,6819.0,6819.0,0
1782202440,6819.0,6819.0,6819.0,6819.0,0
1782202500,6819.0,6819.0,6819.0,6819.0,0
1782202560,6819.0,6819.0,6819.0,6819.0,0
1782202620,6819.0,6819.0,6819.0,6819.0,0
1782202680,6819.0,6819.0,6819.0,6819.0,0
1782202740,6819.0,6819.0,6819.0,6819.0,0
1782202800,6819.0,6819.0,6819.0,6819.0,0
1782202860,6819.0,6819.0,6819.0,6819.0,0
1782202920,6819.0,6819.0,6819.0,6819.0,0
1782202980,6819.0,6819.0,6819.0,6819.0,0
1782203040,6819.0,6819.0,6819.0,6819.0,0
1782203100,6819.0,6819.0,6819.0,6819.0,0
1782203160,6819.0,6819.0,6819.0,6819.0,0
1782203220,6819.0,6819.0,6819.0,6819.0,0
1782203280,6819.0,6819.0,6819.0,6819.0,0
1782203340,6819.0,6819.0,6819.0,6819.0,0
1782203400,6819.0,6819.0,6819.0,6819.0,0
1782203460,6819.0,6819.0,6819.0,6819.0,0
1782203520,6819.0,6819.0,6819.0,6819.0,0
1782203580,6819.0,6819.0,6819.0,6819.0,0
1782203640,6819.0,6819.0,6819.0,6819.0,0
1782203700,6819.0,6819.0,6819.0,6819.0,0
1782203760,6819.0,6819.0,6819.0,6819.0,0
1782203820,6819.0,6819.0,6819.0,6819.0,0
1782203880,6819.0,6819.0,6819.0,6819.0,0
1782203940,6819.0,6819.0,6819.0,6819.0,0
1782204000,6819.0,6819.0,6819.0,6819.0,0
1782204060,6819.0,6819.0,6819.0,6819.0,0
1782204120,6819.0,6819.0,6819.0,6819.0,0
1782204180,6819.0,6819.0,6819.0,6819.0,0
1782204240,6819.0,6819.0,6819.0,6819.0,0
1782204300,6819.0,6819.0,6819.0,6819.0,0
1782204360,6819.0,6819.0,6819.0,6819.0,0
1782204420,6819.0,6819.0,6819.0,6819.0,0
1782204480,6819.0,6819.0,6819.0,6819.0,0
1782204540,6819.0,6819.0,6819.0,6819.0,0
1782204600,6819.0,6819.0,6819.0,6819.0,0
1782204660,6819.0,6819.0,6819.0,6819.0,0
1782204720,6819.0,6819.0,6819.0,6819.0,0
1782204780,6819.0,6819.0,6819.0,6819.0,0
1782204840,6819.0,6819.0,6819.0,6819.0,0
1782204900,6819.0,6819.0,6819.0,6819.0,0
1782204960,6819.0,6819.0,6819.0,6819.0,0
1782205020,6819.0,6819.0,6819.0,6819.0,0
1782205080,6819.0,6819.0,6819.0,6819.0,0
1782205140,6819.0,6819.0,6819.0,6819.0,0
1782205200,6819.0,6819.0,6819.0,6819.0,0
1782205260,6819.0,6819.0,6819.0,6819.0,0
1782205320,6819.0,6819.0,6819.0,6819.0,0
1782205380,6819.0,6819.0,6819.0,6819.0,0
1782205440,6819.0,6819.0,6819.0,6819.0,0
1782205500,6819.0,6819.0,6819.0,6819.0,0
1782205560,6819.0,6819.0,6819.0,6819.0,0
1782205620,6819.0,6819.0,6819.0,6819.0,0
1782205680,6819.0,6819.0,6819.0,6819.0,0
1782205740,6819.0,6819.0,6819.0,6819.0,0
1782205800,6819.0,6819.0,6819.0,6819.0,0
1782205860,6819.0,6819.0,6819.0,6819.0,0
1782205920,6819.0,6819.0,6819.0,6819.0,0
1782205980,6819.0,6819.0,6819.0,6819.0,0
1782206040,6819.0,6819.0,6819.0,6819.0,0
1782206100,6819.0,6819.0,6819.0,6819.0,0
1782206160,6819.0,6819.0,6819.0,6819.0,0
1782206220,6819.0,6819.0,6819.0,6819.0,0
1782206280,6819.0,6819.0,6819.0,6819.0,0
1782206340,6819.0,6819.0,6819.0,6819.0,0
1782206400,6819.0,6819.0,6819.0,6819.0,0
1782206460,6819.0,6819.0,6819.0,6819.0,0
1782206520,6819.0,6819.0,6819.0,6819.0,0
1782206580,6819.0,6819.0,6819.0,6819.0,0
1782206640,6819.0,6819.0,6819.0,6819.0,0
1782206700,6819.0,6819.0,6819.0,6819.0,0
1782206760,6819.0,6819.0,6819.0,6819.0,0
1782206820,6819.0,6819.0,6819.0,6819.0,0
1782206880,6819.0,6819.0,6819.0,6819.0,0
1782206940,6819.0,6819.0,6819.0,6819.0,0
1782207000,6819.0,6819.0,6819.0,6819.0,0
1782207060,6819.0,6819.0,6819.0,6819.0,0
1782207120,6819.0,6819.0,6819.0,6819.0,0
1782207180,6819.0,6819.0,6819.0,6819.0,0
1782207240,6819.0,6819.0,6819.0,6819.0,0
1782207300,6819.0,6819.0,6819.0,6819.0,0
1782207360,6819.0,6819.0,6819.0,6819.0,0
1782207420,6819.0,6819.0,6819.0,6819.0,0
1782207480,6819.0,6819.0,6819.0,6819.0,0
1782207540,6819.0,6819.0,6819.0,6819.0,0
1782207600,6819.0,6819.0,6819.0,6819.0,0
1782207660,6819.0,6819.0,6819.0,6819.0,0
1782207720,6819.0,6819.0,6819.0,6819.0,0
1782207780,6819.0,6819.0,6819.0,6819.0,0
1782207840,6819.0,6819.0,6819.0,6819.0,0
1782207900,6819.0,6819.0,6819.0,6819.0,0
1782207960,6819.0,6819.0,6819.0,6819.0,0
1782208020,6819.0,6819.0,6819.0,6819.0,0
1782208080,6819.0,6819.0,6819.0,6819.0,0
1782208140,6819.0,6819.0,6819.0,6819.0,0
1782208200,6819.0,6819.0,6819.0,6819.0,0
1782208260,6819.0,6819.0,6819.0,6819.0,0
1782208320,6819.0,6819.0,6819.0,6819.0,0
1782208380,6819.0,6819.0,6819.0,6819.0,0
1782208440,6819.0,6819.0,6819.0,6819.0,0
1782208500,6819.0,6819.0,6819.0,6819.0,0
1782208560,6819.0,6819.0,6819.0,6819.0,0
1782208620,6819.0,6819.0,6819.0,6819.0,0
1782208680,6819.0,6819.0,6819.0,6819.0,0
1782208740,6819.0,6819.0,6819.0,6819.0,0
1782284520,6819.0,6819.0,6819.0,6819.0,30
1782284580,6819.0,6819.0,6819.0,6819.0,0
1782284640,6819.0,6819.0,6819.0,6819.0,0
1782284700,6819.0,6819.0,6819.0,6819.0,0
1782284760,6819.0,6819.0,6819.0,6819.0,0
1782284820,6819.0,6819.0,6819.0,6819.0,0
1782284880,6819.0,6819.0,6819.0,6819.0,0
1782284940,6819.0,6819.0,6819.0,6819.0,0
1782285000,6819.0,6819.0,6819.0,6819.0,0
1782285060,6819.0,6819.0,6819.0,6819.0,0
1782285120,6819.0,6819.0,6819.0,6819.0,0
1782285180,6819.0,6819.0,6819.0,6819.0,0
1782285240,6819.0,6819.0,6819.0,6819.0,0
1782285300,6819.0,6819.0,6819.0,6819.0,0
1782285360,6819.0,6819.0,6819.0,6819.0,0
1782285420,6819.0,6819.0,6819.0,6819.0,0
1782285480,6819.0,6819.0,6819.0,6819.0,0
1782285540,6819.0,6819.0,6819.0,6819.0,0
1782285600,6819.0,6819.0,6819.0,6819.0,0
1782285660,6819.0,6819.0,6819.0,6819.0,0
1782285720,6819.0,6819.0,6819.0,6819.0,0
1782285780,6819.0,6819.0,6819.0,6819.0,0
1782285840,6819.0,6819.0,6819.0,6819.0,0
1782285900,6819.0,6819.0,6819.0,6819.0,0
1782285960,6819.0,6819.0,6819.0,6819.0,0
1782286020,6819.0,6819.0,6819.0,6819.0,0
1782286080,6819.0,6819.0,6819.0,6819.0,0
1782286140,6819.0,6819.0,6819.0,6819.0,0
1782286200,6819.0,6819.0,6819.0,6819.0,0
1782286260,6819.0,6819.0,6819.0,6819.0,0
1782286320,6819.0,6819.0,6819.0,6819.0,0
1782286380,6819.0,6819.0,6819.0,6819.0,0
1782286440,6819.0,6819.0,6819.0,6819.0,0
1782286500,6819.0,6819.0,6819.0,6819.0,0
1782286560,6819.0,6819.0,6819.0,6819.0,0
1782286620,6819.0,6819.0,6819.0,6819.0,0
1782286680,6819.0,6819.0,6819.0,6819.0,0
1782286740,6819.0,6819.0,6819.0,6819.0,0
1782286800,6819.0,6819.0,6819.0,6819.0,0
1782286860,6819.0,6819.0,6819.0,6819.0,0
1782286920,6819.0,6819.0,6819.0,6819.0,0
1782286980,6819.0,6819.0,6819.0,6819.0,0
1782287040,6819.0,6819.0,6819.0,6819.0,0
1782287100,6819.0,6819.0,6819.0,6819.0,0
1782287160,6819.0,6819.0,6819.0,6819.0,0
1782287220,6819.0,6819.0,6819.0,6819.0,0
1782287280,6819.0,6819.0,6819.0,6819.0,0
1782287340,6819.0,6819.0,6819.0,6819.0,0
1782287400,6819.0,6819.0,6819.0,6819.0,0
1782287460,6819.0,6819.0,6819.0,6819.0,0
1782287520,6819.0,6819.0,6819.0,6819.0,0
1782287580,6819.0,6819.0,6819.0,6819.0,0
1782287640,6819.0,6819.0,6819.0,6819.0,0
1782287700,6819.0,6819.0,6819.0,6819.0,0
1782287760,6819.0,6819.0,6819.0,6819.0,0
1782287820,6819.0,6819.0,6819.0,6819.0,0
1782287880,6819.0,6819.0,6819.0,6819.0,0
1782287940,6819.0,6819.0,6819.0,6819.0,0
1782288000,6819.0,6819.0,6819.0,6819.0,0
1782288060,6819.0,6819.0,6819.0,6819.0,0
1782288120,6819.0,6819.0,6819.0,6819.0,0
1782288180,6819.0,6819.0,6819.0,6819.0,0
1782288240,6819.0,6819.0,6819.0,6819.0,0
1782288300,6819.0,6819.0,6819.0,6819.0,0
1782288360,6819.0,6819.0,6819.0,6819.0,0
1782288420,6819.0,6819.0,6819.0,6819.0,0
1782288480,6819.0,6819.0,6819.0,6819.0,0
1782288540,6819.0,6819.0,6819.0,6819.0,0
1782288600,6819.0,6819.0,6819.0,6819.0,0
1782288660,6819.0,6819.0,6819.0,6819.0,0
1782288720,6819.0,6819.0,6819.0,6819.0,0
1782288780,6819.0,6819.0,6819.0,6819.0,0
1782288840,6819.0,6819.0,6819.0,6819.0,0
1782288900,6819.0,6819.0,6819.0,6819.0,0
1782288960,6819.0,6819.0,6819.0,6819.0,0
1782289020,6819.0,6819.0,6819.0,6819.0,0
1782289080,6819.0,6819.0,6819.0,6819.0,0
1782289140,6819.0,6819.0,6819.0,6819.0,0
1782289200,6819.0,6819.0,6819.0,6819.0,0
1782289260,6819.0,6819.0,6819.0,6819.0,0
1782289320,6819.0,6819.0,6819.0,6819.0,0
1782289380,6819.0,6819.0,6819.0,6819.0,0
1782289440,6819.0,6819.0,6819.0,6819.0,0
1782289500,6819.0,6819.0,6819.0,6819.0,0
1782289560,6819.0,6819.0,6819.0,6819.0,0
1782289620,6819.0,6819.0,6819.0,6819.0,0
1782289680,6819.0,6819.0,6819.0,6819.0,0
1782289740,6819.0,6819.0,6819.0,6819.0,0
1782289800,6819.0,6819.0,6819.0,6819.0,0
1782289860,6819.0,6819.0,6819.0,6819.0,0
1782289920,6819.0,6819.0,6819.0,6819.0,0
1782289980,6819.0,6819.0,6819.0,6819.0,0
1782290040,6819.0,6819.0,6819.0,6819.0,0
1782290100,6819.0,6819.0,6819.0,6819.0,0
1782290160,6819.0,6819.0,6819.0,6819.0,0
1782290220,6819.0,6819.0,6819.0,6819.0,0
1782290280,6819.0,6819.0,6819.0,6819.0,0
1782290340,6819.0,6819.0,6819.0,6819.0,0
1782290400,6819.0,6819.0,6819.0,6819.0,0
1782290460,6819.0,6819.0,6819.0,6819.0,0
1782290520,6819.0,6819.0,6819.0,6819.0,0
1782290580,6819.0,6819.0,6819.0,6819.0,0
1782290640,6819.0,6819.0,6819.0,6819.0,0
1782290700,6819.0,6819.0,6819.0,6819.0,0
1782290760,6819.0,6819.0,6819.0,6819.0,0
1782290820,6819.0,6819.0,6800.0,6800.0,30
1782290880,6800.0,6800.0,6800.0,6800.0,0
1782290940,6800.0,6800.0,6800.0,6800.0,0
1782291000,6800.0,6800.0,6800.0,6800.0,0
1782291060,6800.0,6800.0,6800.0,6800.0,0
1782291120,6800.0,6800.0,6800.0,6800.0,0
1782291180,6800.0,6800.0,6800.0,6800.0,0
1782291240,6800.0,6800.0,6800.0,6800.0,0
1782291300,6800.0,6800.0,6800.0,6800.0,0
1782291360,6800.0,6800.0,6800.0,6800.0,0
1782291420,6800.0,6800.0,6800.0,6800.0,0
1782291480,6800.0,6800.0,6800.0,6800.0,0
1782291540,6800.0,6800.0,6800.0,6800.0,0
1782291600,6800.0,6800.0,6800.0,6800.0,0
1782291660,6800.0,6800.0,6800.0,6800.0,0
1782291720,6800.0,6800.0,6800.0,6800.0,0
1782291780,6800.0,6800.0,6800.0,6800.0,0
1782291840,6800.0,6800.0,6800.0,6800.0,0
1782291900,6800.0,6800.0,6800.0,6800.0,0
1782291960,6800.0,6800.0,6800.0,6800.0,0
1782292020,6800.0,6800.0,6800.0,6800.0,0
1782292080,6800.0,6800.0,6800.0,6800.0,0
1782292140,6800.0,6800.0,6800.0,6800.0,0
1782292200,6800.0,6800.0,6800.0,6800.0,0
1782292260,6800.0,6800.0,6800.0,6800.0,0
1782292320,6800.0,6800.0,6800.0,6800.0,0
1782292380,6800.0,6800.0,6800.0,6800.0,0
1782292440,6800.0,6800.0,6800.0,6800.0,0
1782292500,6800.0,6800.0,6800.0,6800.0,0
1782292560,6800.0,6800.0,6800.0,6800.0,0
1782292620,6800.0,6800.0,6800.0,6800.0,0
1782292680,6800.0,6800.0,6800.0,6800.0,0
1782292740,6800.0,6800.0,6800.0,6800.0,0
1782292800,6800.0,6800.0,6800.0,6800.0,0
1782292860,6800.0,6800.0,6800.0,6800.0,0
1782292920,6800.0,6800.0,6800.0,6800.0,0
1782292980,6800.0,6800.0,6800.0,6800.0,0
1782293040,6800.0,6800.0,6800.0,6800.0,0
1782293100,6800.0,6800.0,6800.0,6800.0,0
1782293160,6800.0,6800.0,6800.0,6800.0,0
1782293220,6800.0,6800.0,6800.0,6800.0,0
1782293280,6800.0,6800.0,6800.0,6800.0,0
1782293340,6800.0,6800.0,6800.0,6800.0,0
1782293400,6800.0,6800.0,6800.0,6800.0,0
1782293460,6800.0,6800.0,6800.0,6800.0,0
1782293520,6800.0,6800.0,6800.0,6800.0,0
1782293580,6800.0,6800.0,6800.0,6800.0,0
1782293640,6800.0,6800.0,6800.0,6800.0,0
1782293700,6800.0,6800.0,6800.0,6800.0,0
1782293760,6800.0,6800.0,6800.0,6800.0,0
1782293820,6800.0,6800.0,6800.0,6800.0,0
1782293880,6800.0,6800.0,6800.0,6800.0,0
1782293940,6800.0,6800.0,6800.0,6800.0,0
1782294000,6800.0,6800.0,6800.0,6800.0,0
1782294060,6800.0,6800.0,6800.0,6800.0,0
1782294120,6800.0,6800.0,6800.0,6800.0,0
1782294180,6800.0,6800.0,6800.0,6800.0,0
1782294240,6800.0,6800.0,6800.0,6800.0,0
1782294300,6800.0,6800.0,6800.0,6800.0,0
1782294360,6800.0,6800.0,6800.0,6800.0,0
1782294420,6800.0,6800.0,6800.0,6800.0,0
1782294480,6800.0,6800.0,6800.0,6800.0,0
1782294540,6800.0,6800.0,6800.0,6800.0,0
1782294600,6800.0,6800.0,6800.0,6800.0,0
1782294660,6800.0,6800.0,6800.0,6800.0,0
1782294720,6800.0,6800.0,6800.0,6800.0,0
1782294780,6800.0,6800.0,6800.0,6800.0,0
1782294840,6800.0,6800.0,6800.0,6800.0,0
1782294900,6800.0,6800.0,6800.0,6800.0,0
1782294960,6800.0,6800.0,6800.0,6800.0,0
1782295020,6800.0,6800.0,6800.0,6800.0,0
1782295080,6800.0,6800.0,6800.0,6800.0,0
1782295140,6800.0,6800.0,6800.0,6800.0,0
1782361500,6600.0,6600.0,6600.0,6600.0,30
1782361560,6600.0,6600.0,6600.0,6600.0,0
1782361620,6600.0,6600.0,6600.0,6600.0,0
1782361680,6600.0,6600.0,6600.0,6600.0,0
1782361740,6600.0,6600.0,6600.0,6600.0,0
1782361800,6600.0,6620.0,6600.0,6620.0,30
1782361860,6620.0,6620.0,6620.0,6620.0,0
1782361920,6620.0,6620.0,6620.0,6620.0,0
1782361980,6620.0,6620.0,6620.0,6620.0,0
1782362040,6620.0,6620.0,6620.0,6620.0,0
1782362100,6620.0,6620.0,6620.0,6620.0,0
1782362160,6620.0,6680.0,6620.0,6680.0,30
1782362220,6680.0,6680.0,6680.0,6680.0,0
1782362280,6680.0,6680.0,6680.0,6680.0,0
1782362340,6680.0,6680.0,6680.0,6680.0,0
1782362400,6680.0,6680.0,6680.0,6680.0,0
1782362460,6680.0,6680.0,6680.0,6680.0,0
1782362520,6680.0,6680.0,6680.0,6680.0,0
1782362580,6680.0,6680.0,6680.0,6680.0,0
1782362640,6680.0,6680.0,6680.0,6680.0,0
1782362700,6680.0,6680.0,6680.0,6680.0,0
1782362760,6680.0,6680.0,6680.0,6680.0,0
1782362820,6680.0,6680.0,6680.0,6680.0,0
1782362880,6680.0,6680.0,6680.0,6680.0,0
1782362940,6680.0,6680.0,6680.0,6680.0,0
1782363000,6680.0,6680.0,6680.0,6680.0,0
1782363060,6680.0,6680.0,6680.0,6680.0,0
1782363120,6680.0,6680.0,6680.0,6680.0,0
1782363180,6680.0,6680.0,6680.0,6680.0,0
1782363240,6680.0,6680.0,6680.0,6680.0,0
1782363300,6680.0,6680.0,6680.0,6680.0,0
1782363360,6680.0,6680.0,6680.0,6680.0,0
1782363420,6680.0,6680.0,6680.0,6680.0,0
1782363480,6680.0,6680.0,6680.0,6680.0,0
1782363540,6680.0,6680.0,6680.0,6680.0,0
1782363600,6680.0,6680.0,6680.0,6680.0,0
1782363660,6680.0,6680.0,6680.0,6680.0,0
1782363720,6680.0,6680.0,6680.0,6680.0,0
1782363780,6680.0,6680.0,6680.0,6680.0,0
1782363840,6680.0,6680.0,6680.0,6680.0,0
1782363900,6680.0,6680.0,6680.0,6680.0,0
1782363960,6680.0,6680.0,6680.0,6680.0,0
1782364020,6680.0,6680.0,6680.0,6680.0,0
1782364080,6680.0,6680.0,6680.0,6680.0,0
1782364140,6680.0,6680.0,6680.0,6680.0,0
1782364200,6680.0,6680.0,6680.0,6680.0,0
1782364260,6680.0,6680.0,6680.0,6680.0,0
1782364320,6680.0,6680.0,6680.0,6680.0,0
1782364380,6680.0,6680.0,6680.0,6680.0,0
1782364440,6680.0,6680.0,6680.0,6680.0,0
1782364500,6680.0,6680.0,6550.0,6600.0,60
1782364560,6600.0,6600.0,6600.0,6600.0,0
1782364620,6600.0,6600.0,6600.0,6600.0,0
1782364680,6600.0,6600.0,6600.0,6600.0,0
1782364740,6600.0,6600.0,6600.0,6600.0,0
1782364800,6600.0,6600.0,6600.0,6600.0,0
1782364860,6600.0,6600.0,6600.0,6600.0,0
1782364920,6600.0,6600.0,6600.0,6600.0,0
1782364980,6600.0,6600.0,6600.0,6600.0,0
1782365040,6600.0,6650.0,6600.0,6650.0,30
1782365100,6650.0,6650.0,6650.0,6650.0,0
1782365160,6650.0,6650.0,6650.0,6650.0,0
1782365220,6650.0,6650.0,6650.0,6650.0,0
1782365280,6650.0,6650.0,6650.0,6650.0,0
1782365340,6650.0,6650.0,6650.0,6650.0,0
1782365400,6650.0,6650.0,6650.0,6650.0,0
1782365460,6650.0,6650.0,6650.0,6650.0,0
1782365520,6650.0,6650.0,6650.0,6650.0,0
1782365580,6650.0,6650.0,6650.0,6650.0,0
1782365640,6650.0,6650.0,6650.0,6650.0,0
1782365700,6650.0,6650.0,6650.0,6650.0,0
1782365760,6650.0,6650.0,6650.0,6650.0,0
1782365820,6650.0,6650.0,6650.0,6650.0,0
1782365880,6650.0,6650.0,6650.0,6650.0,0
1782365940,6650.0,6650.0,6650.0,6650.0,0
1782366000,6650.0,6650.0,6650.0,6650.0,0
1782366060,6650.0,6650.0,6650.0,6650.0,0
1782366120,6650.0,6650.0,6650.0,6650.0,0
1782366180,6650.0,6650.0,6650.0,6650.0,0
1782366240,6650.0,6650.0,6650.0,6650.0,0
1782366300,6650.0,6650.0,6650.0,6650.0,0
1782366360,6650.0,6650.0,6650.0,6650.0,0
1782366420,6650.0,6650.0,6650.0,6650.0,0
1782366480,6650.0,6650.0,6650.0,6650.0,0
1782366540,6650.0,6650.0,6650.0,6650.0,0
1782366600,6650.0,6650.0,6650.0,6650.0,0
1782366660,6650.0,6650.0,6650.0,6650.0,0
1782366720,6650.0,6650.0,6650.0,6650.0,0
1782366780,6650.0,6650.0,6650.0,6650.0,0
1782366840,6650.0,6650.0,6650.0,6650.0,0
1782366900,6650.0,6650.0,6650.0,6650.0,0
1782366960,6650.0,6650.0,6650.0,6650.0,0
1782367020,6650.0,6650.0,6650.0,6650.0,0
1782367080,6650.0,6650.0,6650.0,6650.0,0
1782367140,6650.0,6650.0,6650.0,6650.0,0
1782367200,6650.0,6650.0,6650.0,6650.0,0
1782367260,6650.0,6650.0,6650.0,6650.0,0
1782367320,6650.0,6650.0,6650.0,6650.0,0
1782367380,6650.0,6650.0,6650.0,6650.0,0
1782367440,6650.0,6650.0,6650.0,6650.0,0
1782367500,6650.0,6650.0,6650.0,6650.0,0
1782367560,6650.0,6650.0,6650.0,6650.0,0
1782367620,6650.0,6650.0,6650.0,6650.0,0
1782367680,6650.0,6650.0,6650.0,6650.0,0
1782367740,6650.0,6650.0,6650.0,6650.0,0
1782367800,6650.0,6650.0,6650.0,6650.0,0
1782367860,6650.0,6650.0,6650.0,6650.0,0
1782367920,6650.0,6650.0,6650.0,6650.0,0
1782367980,6650.0,6650.0,6650.0,6650.0,0
1782368040,6650.0,6650.0,6650.0,6650.0,0
1782368100,6650.0,6650.0,6650.0,6650.0,0
1782368160,6650.0,6650.0,6650.0,6650.0,0
1782368220,6650.0,6650.0,6650.0,6650.0,0
1782368280,6650.0,6650.0,6650.0,6650.0,0
1782368340,6650.0,6650.0,6650.0,6650.0,0
1782368400,6650.0,6650.0,6650.0,6650.0,0
1782368460,6650.0,6650.0,6650.0,6650.0,0
1782368520,6650.0,6650.0,6650.0,6650.0,0
1782368580,6650.0,6650.0,6650.0,6650.0,0
1782368640,6650.0,6650.0,6650.0,6650.0,0
1782368700,6650.0,6650.0,6650.0,6650.0,0
1782368760,6650.0,6650.0,6650.0,6650.0,0
1782368820,6650.0,6650.0,6650.0,6650.0,0
1782368880,6650.0,6650.0,6650.0,6650.0,0
1782368940,6650.0,6650.0,6650.0,6650.0,0
1782369000,6650.0,6650.0,6650.0,6650.0,0
1782369060,6650.0,6650.0,6650.0,6650.0,0
1782369120,6650.0,6650.0,6650.0,6650.0,0
1782369180,6650.0,6650.0,6650.0,6650.0,0
1782369240,6650.0,6650.0,6650.0,6650.0,0
1782369300,6650.0,6650.0,6650.0,6650.0,0
1782369360,6650.0,6650.0,6450.0,6450.0,30
1782369420,6450.0,6450.0,6450.0,6450.0,0
1782369480,6450.0,6450.0,6450.0,6450.0,30
1782369540,6450.0,6450.0,6450.0,6450.0,0
1782369600,6450.0,6450.0,6430.0,6430.0,30
1782369660,6430.0,6430.0,6430.0,6430.0,0
1782369720,6430.0,6430.0,6430.0,6430.0,0
1782369780,6430.0,6430.0,6420.0,6420.0,30
1782369840,6420.0,6420.0,6420.0,6420.0,0
1782369900,6420.0,6420.0,6420.0,6420.0,0
1782369960,6420.0,6420.0,6420.0,6420.0,0
1782370020,6420.0,6420.0,6420.0,6420.0,0
1782370080,6420.0,6420.0,6420.0,6420.0,0
1782370140,6420.0,6420.0,6420.0,6420.0,0
1782370200,6420.0,6420.0,6420.0,6420.0,30
1782370260,6420.0,6420.0,6420.0,6420.0,0
1782370320,6420.0,6420.0,6420.0,6420.0,0
1782370380,6420.0,6460.0,6420.0,6460.0,30
1782370440,6460.0,6460.0,6460.0,6460.0,0
1782370500,6460.0,6460.0,6460.0,6460.0,0
1782370560,6460.0,6470.0,6460.0,6470.0,30
1782370620,6470.0,6470.0,6470.0,6470.0,0
1782370680,6470.0,6470.0,6470.0,6470.0,0
1782370740,6470.0,6470.0,6470.0,6470.0,0
1782370800,6470.0,6470.0,6470.0,6470.0,0
1782370860,6470.0,6470.0,6470.0,6470.0,0
1782370920,6470.0,6470.0,6470.0,6470.0,0
1782370980,6470.0,6470.0,6470.0,6470.0,0
1782371040,6470.0,6470.0,6470.0,6470.0,0
1782371100,6470.0,6470.0,6470.0,6470.0,0
1782371160,6470.0,6470.0,6470.0,6470.0,0
1782371220,6470.0,6470.0,6470.0,6470.0,0
1782371280,6470.0,6470.0,6470.0,6470.0,0
1782371340,6470.0,6470.0,6470.0,6470.0,0
1782371400,6470.0,6470.0,6470.0,6470.0,0
1782371460,6470.0,6470.0,6470.0,6470.0,0
1782371520,6470.0,6470.0,6470.0,6470.0,0
1782371580,6470.0,6470.0,6470.0,6470.0,0
1782371640,6470.0,6470.0,6470.0,6470.0,0
1782371700,6470.0,6470.0,6470.0,6470.0,0
1782371760,6470.0,6470.0,6470.0,6470.0,0
1782371820,6470.0,6470.0,6470.0,6470.0,0
1782371880,6470.0,6470.0,6470.0,6470.0,0
1782371940,6470.0,6470.0,6470.0,6470.0,0
1782372000,6470.0,6470.0,6470.0,6470.0,0
1782372060,6470.0,6470.0,6470.0,6470.0,0
1782372120,6470.0,6470.0,6470.0,6470.0,0
1782372180,6470.0,6470.0,6470.0,6470.0,0
1782372240,6470.0,6470.0,6470.0,6470.0,0
1782372300,6470.0,6504.7,6470.0,6504.7,30
1782372360,6504.7,6504.7,6504.7,6504.7,0
1782372420,6504.7,6504.7,6504.7,6504.7,0
1782372480,6504.7,6504.7,6504.7,6504.7,0
1782372540,6504.7,6504.7,6504.7,6504.7,0
1782372600,6504.7,6504.7,6504.7,6504.7,0
1782372660,6504.7,6504.7,6504.7,6504.7,0
1782372720,6504.7,6504.7,6504.7,6504.7,0
1782372780,6504.7,6504.7,6504.7,6504.7,0
1782372840,6504.7,6504.7,6504.7,6504.7,0
1782372900,6504.7,6504.7,6504.7,6504.7,0
1782372960,6504.7,6504.7,6504.7,6504.7,0
1782373020,6504.7,6504.7,6504.7,6504.7,0
1782373080,6504.7,6504.7,6504.7,6504.7,0
1782373140,6504.7,6504.7,6504.7,6504.7,0
1782373200,6504.7,6504.7,6504.7,6504.7,0
1782373260,6504.7,6504.7,6504.7,6504.7,0
1782373320,6504.7,6504.7,6504.7,6504.7,0
1782373380,6504.7,6504.7,6504.7,6504.7,0
1782373440,6504.7,6504.7,6504.7,6504.7,0
1782373500,6504.7,6504.7,6504.7,6504.7,0
1782373560,6504.7,6504.7,6504.7,6504.7,0
1782373620,6504.7,6504.7,6504.7,6504.7,0
1782373680,6504.7,6504.7,6504.7,6504.7,0
1782373740,6504.7,6504.7,6504.7,6504.7,0
1782373800,6504.7,6504.7,6504.7,6504.7,0
1782373860,6504.7,6504.7,6504.7,6504.7,0
1782373920,6504.7,6504.7,6504.7,6504.7,0
1782373980,6504.7,6504.7,6504.7,6504.7,0
1782374040,6504.7,6504.7,6504.7,6504.7,0
1782374100,6504.7,6504.7,6504.7,6504.7,0
1782374160,6504.7,6504.7,6504.7,6504.7,0
1782374220,6504.7,6504.7,6504.7,6504.7,0
1782374280,6504.7,6504.7,6504.7,6504.7,0
1782374340,6504.7,6504.7,6504.7,6504.7,0
1782374400,6504.7,6504.7,6504.7,6504.7,0
1782374460,6504.7,6504.7,6504.7,6504.7,0
1782374520,6504.7,6504.7,6504.7,6504.7,0
1782374580,6504.7,6504.7,6504.7,6504.7,0
1782374640,6504.7,6504.7,6504.7,6504.7,0
1782374700,6504.7,6504.7,6504.7,6504.7,0
1782374760,6504.7,6504.7,6504.7,6504.7,0
1782374820,6504.7,6504.7,6504.7,6504.7,0
1782374880,6504.7,6504.7,6504.7,6504.7,0
1782374940,6504.7,6504.7,6504.7,6504.7,0
1782375000,6504.7,6504.7,6504.7,6504.7,0
1782375060,6504.7,6504.7,6504.7,6504.7,0
1782375120,6504.7,6504.7,6504.7,6504.7,0
1782375180,6504.7,6504.7,6504.7,6504.7,0
1782375240,6504.7,6504.7,6504.7,6504.7,0
1782375300,6504.7,6504.7,6504.7,6504.7,0
1782375360,6504.7,6504.7,6504.7,6504.7,0
1782375420,6534.7,6534.7,6534.7,6534.7,30
1782375480,6534.7,6534.7,6534.7,6534.7,0
1782375540,6534.7,6534.7,6534.7,6534.7,0
1782375600,6534.7,6534.7,6534.7,6534.7,0
1782375660,6534.7,6534.7,6534.7,6534.7,0
1782375720,6534.7,6534.7,6534.7,6534.7,0
1782375780,6534.7,6534.7,6534.7,6534.7,0
1782375840,6534.7,6534.7,6534.7,6534.7,0
1782375900,6534.7,6534.7,6534.7,6534.7,0
1782375960,6534.7,6534.7,6534.7,6534.7,0
1782376020,6534.7,6599.0,6534.7,6599.0,30
1782376080,6599.0,6599.0,6599.0,6599.0,0
1782376140,6599.0,6599.0,6599.0,6599.0,0
1782376200,6599.0,6625.0,6599.0,6625.0,30
1782376260,6625.0,6625.0,6625.0,6625.0,0
1782376320,6625.0,6625.0,6625.0,6625.0,0
1782376380,6625.0,6625.0,6625.0,6625.0,0
1782376440,6625.0,6625.0,6625.0,6625.0,0
1782376500,6625.0,6630.0,6625.0,6630.0,30
1782376560,6630.0,6630.0,6630.0,6630.0,0
1782376620,6630.0,6630.0,6630.0,6630.0,0
1782376680,6630.0,6630.0,6630.0,6630.0,0
1782376740,6630.0,6630.0,6630.0,6630.0,0
1782376800,6630.0,6630.0,6630.0,6630.0,0
1782376860,6630.0,6630.0,6630.0,6630.0,0
1782376920,6630.0,6716.25,6630.0,6716.25,30
1782376980,6716.25,6745.05,6716.25,6745.05,30
1782377040,6745.05,6785.05,6745.05,6785.05,30
1782377100,6785.05,6785.05,6785.05,6785.05,0
1782377160,6785.05,6785.05,6785.05,6785.05,0
1782377220,6785.05,6785.05,6785.05,6785.05,0
1782377280,6785.05,6785.05,6785.05,6785.05,0
1782377340,6785.05,6785.05,6785.05,6785.05,0
1782377400,6785.05,6800.0,6785.05,6800.0,30
1782377460,6800.0,6800.0,6800.0,6800.0,0
1782377520,6800.0,6800.0,6800.0,6800.0,0
1782377580,6800.0,6800.0,6800.0,6800.0,0
1782377640,6800.0,6800.0,6800.0,6800.0,0
1782377700,6800.0,6800.0,6800.0,6800.0,0
1782377760,6800.0,6800.0,6800.0,6800.0,0
1782377820,6800.0,6800.0,6800.0,6800.0,0
1782377880,6800.0,6800.0,6800.0,6800.0,0
1782377940,6800.0,6800.0,6800.0,6800.0,0
1782378000,6800.0,6800.0,6800.0,6800.0,0
1782378060,6800.0,6800.0,6800.0,6800.0,0
1782378120,6800.0,6800.0,6800.0,6800.0,0
1782378180,6800.0,6800.0,6800.0,6800.0,30
1782378240,6800.0,6800.0,6800.0,6800.0,0
1782378300,6800.0,6800.0,6800.0,6800.0,0
1782378360,6800.0,6800.0,6800.0,6800.0,0
1782378420,6800.0,6800.0,6800.0,6800.0,0
1782378480,6800.0,6800.0,6800.0,6800.0,0
1782378540,6800.0,6800.0,6800.0,6800.0,0
1782378600,6800.0,6800.0,6800.0,6800.0,0
1782378660,6800.0,6800.0,6800.0,6800.0,0
1782378720,6800.0,6835.0,6800.0,6835.0,30
1782378780,6835.0,6835.0,6835.0,6835.0,0
1782378840,6835.0,6840.0,6835.0,6840.0,60
1782378900,6840.0,6870.0,6840.0,6870.0,60
1782378960,6870.0,6870.0,6870.0,6870.0,0
1782379020,6870.0,6870.0,6870.0,6870.0,30
1782379080,6870.0,6870.0,6870.0,6870.0,0
1782379140,6870.0,6870.0,6870.0,6870.0,0
1782379200,6870.0,6870.0,6870.0,6870.0,0
1782379260,6870.0,6870.0,6870.0,6870.0,0
1782379320,6870.0,6870.0,6870.0,6870.0,0
1782379380,6870.0,6870.0,6870.0,6870.0,0
1782379440,6870.0,6870.0,6870.0,6870.0,0
1782379500,6870.0,6870.0,6870.0,6870.0,0
1782379560,6870.0,6870.0,6870.0,6870.0,0
1782379620,6870.0,6870.0,6870.0,6870.0,0
1782379680,6870.0,6870.0,6870.0,6870.0,0
1782379740,6870.0,6870.0,6850.0,6850.0,60
1782379800,6850.0,6850.0,6850.0,6850.0,0
1782379860,6850.0,6850.0,6850.0,6850.0,0
1782379920,6850.0,6850.0,6850.0,6850.0,0
1782379980,6850.0,6850.0,6850.0,6850.0,0
1782380040,6850.0,6850.0,6850.0,6850.0,0
1782380100,6850.0,6855.0,6850.0,6855.0,30
1782380160,6855.0,6855.0,6855.0,6855.0,0
1782380220,6855.0,6855.0,6855.0,6855.0,0
1782380280,6855.0,6855.0,6855.0,6855.0,0
1782380340,6855.0,6855.0,6855.0,6855.0,0
1782380400,6855.0,6855.0,6855.0,6855.0,0
1782380460,6855.0,6855.0,6855.0,6855.0,0
1782380520,6855.0,6855.0,6855.0,6855.0,0
1782380580,6855.0,6855.0,6855.0,6855.0,0
1782380640,6855.0,6855.0,6855.0,6855.0,0
1782380700,6855.0,6855.0,6855.0,6855.0,0
1782380760,6855.0,6855.0,6855.0,6855.0,0
1782380820,6855.0,6855.0,6855.0,6855.0,0
1782380880,6855.0,6855.0,6855.0,6855.0,0
1782380940,6855.0,6855.0,6855.0,6855.0,0
1782381000,6855.0,6855.0,6855.0,6855.0,0
1782381060,6855.0,6855.0,6855.0,6855.0,0
1782381120,6855.0,6855.0,6855.0,6855.0,0
1782381180,6855.0,6855.0,6855.0,6855.0,0
1782381240,6855.0,6855.0,6775.0,6775.0,120
1782381300,6775.0,6775.0,6775.0,6775.0,60
1782381360,6775.0,6775.0,6775.0,6775.0,60
1782381420,6775.0,6775.0,6775.0,6775.0,0
1782381480,6775.0,6775.0,6775.0,6775.0,0
1782381540,6775.0,6775.0,6775.0,6775.0,0
1782705060,6784.4,6784.4,6784.4,6784.4,240
1782705120,6784.4,6784.4,6784.4,6784.4,0
1782705180,6784.4,6784.4,6784.4,6784.4,0
1782705240,6784.4,6784.4,6784.4,6784.4,0
1782705300,6784.4,6784.4,6784.4,6784.4,0
1782705360,6784.4,6784.4,6784.4,6784.4,0
1782705420,6784.4,6784.4,6784.4,6784.4,0
1782705480,6784.4,6784.4,6784.4,6784.4,0
1782705540,6784.4,6784.4,6784.4,6784.4,0
1782705600,6784.4,6784.4,6784.4,6784.4,0
1782705660,6784.4,6784.4,6784.4,6784.4,0
1782705720,6784.4,7057.0,6784.4,7057.0,180
1782705780,7057.0,7057.0,7057.0,7057.0,90
1782705840,7057.0,7057.0,7057.0,7057.0,0
1782705900,7057.0,7076.25,7057.0,7071.5,360
1782705960,7071.5,7071.5,7071.5,7071.5,360
1782706020,7071.5,7071.5,7071.5,7071.5,0
1782706080,7071.5,7071.5,7071.5,7071.5,0
1782706140,7071.5,7071.5,7071.5,7071.5,0
1782706200,7071.5,7071.5,7071.5,7071.5,0
1782706260,7071.5,7071.5,7071.5,7071.5,0
1782706320,7071.5,7071.5,7071.5,7071.5,0
1782706380,7071.5,7071.5,7071.5,7071.5,0
1782706440,7071.5,7071.5,7071.5,7071.5,0
1782706500,7071.5,7071.5,7071.5,7071.5,0
1782706560,7071.5,7071.5,7071.5,7071.5,0
1782706620,7071.5,7071.5,7071.5,7071.5,0
1782706680,7071.5,7071.5,6910.0,6910.0,90
1782706740,6910.0,6920.0,6910.0,6920.0,90
1782706800,6920.0,6950.0,6920.0,6950.0,60
1782706860,6950.0,6950.0,6950.0,6950.0,0
1782706920,6950.0,6950.0,6950.0,6950.0,0
1782706980,6950.0,6950.0,6950.0,6950.0,0
1782707040,6950.0,6950.0,6950.0,6950.0,0
1782707100,6950.0,6950.0,6950.0,6950.0,0
1782707160,6950.0,7000.0,6950.0,7000.0,30
1782707220,7000.0,7000.0,7000.0,7000.0,0
1782707280,7000.0,7000.0,7000.0,7000.0,0
1782707340,7000.0,7000.0,7000.0,7000.0,0
1782707400,7000.0,7000.0,7000.0,7000.0,0
1782707460,7000.0,7000.0,7000.0,7000.0,0
1782707520,7000.0,7000.0,7000.0,7000.0,0
1782707580,7000.0,7000.0,7000.0,7000.0,0
1782707640,7000.0,7010.05,7000.0,7010.05,30
1782707700,7010.05,7010.05,7010.05,7010.05,0
1782707760,7010.05,7010.05,7010.05,7010.05,0
1782707820,7010.05,7010.05,7010.05,7010.05,0
1782707880,7010.05,7010.05,7010.05,7010.05,0
1782707940,7010.05,7010.05,7010.05,7010.05,0
1782708000,7010.05,7010.05,7010.05,7010.05,0
1782708060,7010.05,7010.05,6983.55,6983.55,30
1782708120,6983.55,6983.55,6983.55,6983.55,0
1782708180,6983.55,6983.55,6983.55,6983.55,0
1782708240,6983.55,7000.0,6983.55,7000.0,60
1782708300,7000.0,7010.05,7000.0,7010.05,120
1782708360,7010.05,7010.05,7000.0,7010.0,60
1782708420,7010.0,7010.0,7010.0,7010.0,0
1782708480,7010.0,7010.0,7010.0,7010.0,0
1782708540,7010.0,7010.0,7010.0,7010.0,0
1782708600,7010.0,7010.0,7010.0,7010.0,30
1782708660,7010.0,7010.0,7010.0,7010.0,0
1782708720,7010.0,7010.0,7010.0,7010.0,0
1782708780,7010.0,7010.0,7010.0,7010.0,0
1782708840,7010.0,7010.0,7010.0,7010.0,0
1782708900,7010.0,7010.0,7010.0,7010.0,0
1782708960,7010.0,7010.0,7010.0,7010.0,0
1782709020,7010.0,7010.0,7010.0,7010.0,0
1782709080,7010.0,7010.0,7010.0,7010.0,0
1782709140,7010.0,7010.0,7010.0,7010.0,0
1782709200,7010.0,7010.0,7010.0,7010.0,0
1782709260,7010.0,7010.0,7010.0,7010.0,0
1782709320,7010.0,7010.0,7010.0,7010.0,0
1782709380,6820.0,6820.0,6820.0,6820.0,30
1782709440,6820.0,6820.0,6820.0,6820.0,0
1782709500,6820.0,6820.0,6820.0,6820.0,0
1782709560,6820.0,6820.0,6820.0,6820.0,0
1782709620,6820.0,6820.0,6820.0,6820.0,0
1782709680,6820.0,6820.0,6820.0,6820.0,0
1782709740,6820.0,6820.0,6820.0,6820.0,0
1782709800,6820.0,6820.0,6820.0,6820.0,0
1782709860,6820.0,6820.0,6820.0,6820.0,0
1782709920,6820.0,6820.0,6820.0,6820.0,0
1782709980,6820.0,6820.0,6820.0,6820.0,0
1782710040,6820.0,6820.0,6820.0,6820.0,0
1782710100,6820.0,6820.0,6820.0,6820.0,0
1782710160,6820.0,6820.0,6820.0,6820.0,0
1782710220,6820.0,6820.0,6820.0,6820.0,0
1782710280,6820.0,6820.0,6820.0,6820.0,0
1782710340,6820.0,6820.0,6820.0,6820.0,0
1782710400,6820.0,6900.0,6820.0,6900.0,30
1782710460,6900.0,6900.0,6900.0,6900.0,0
1782710520,6900.0,6900.0,6900.0,6900.0,0
1782710580,6900.0,6900.0,6900.0,6900.0,0
1782710640,6900.0,6900.0,6900.0,6900.0,0
1782710700,6900.0,6900.0,6900.0,6900.0,0
1782710760,6900.0,6900.0,6900.0,6900.0,0
1782710820,6900.0,6900.0,6900.0,6900.0,0
1782710880,6900.0,6900.0,6900.0,6900.0,0
1782710940,6900.0,6900.0,6900.0,6900.0,0
1782711000,6900.0,6900.0,6900.0,6900.0,0
1782711060,6900.0,6900.0,6900.0,6900.0,0
1782711120,6900.0,6900.0,6900.0,6900.0,0
1782711180,6900.0,6900.0,6900.0,6900.0,30
1782711240,6900.0,6900.0,6900.0,6900.0,0
1782711300,6900.0,6900.0,6900.0,6900.0,0
1782711360,6900.0,6900.0,6900.0,6900.0,0
1782711420,6900.0,6900.0,6900.0,6900.0,0
1782711480,6900.0,6900.0,6900.0,6900.0,0
1782711540,6900.0,6900.0,6900.0,6900.0,0
1782711600,6900.0,6900.0,6900.0,6900.0,0
1782711660,6900.0,6900.0,6900.0,6900.0,0
1782711720,6900.0,6900.0,6900.0,6900.0,0
1782711780,6900.0,6900.0,6900.0,6900.0,0
1782711840,6900.0,6900.0,6900.0,6900.0,0
1782711900,6900.0,6900.0,6900.0,6900.0,0
1782711960,6900.0,6900.0,6900.0,6900.0,0
1782712020,6900.0,6900.0,6900.0,6900.0,0
1782712080,6900.0,6900.0,6900.0,6900.0,0
1782712140,6900.0,6900.0,6900.0,6900.0,0
1782712200,6900.0,6900.0,6900.0,6900.0,0
1782712260,6900.0,6900.0,6900.0,6900.0,0
1782712320,6900.0,6900.0,6900.0,6900.0,0
1782712380,6900.0,6900.0,6900.0,6900.0,0
1782712440,6900.0,6900.0,6900.0,6900.0,0
1782712500,6900.0,6900.0,6900.0,6900.0,0
1782712560,6900.0,6900.0,6900.0,6900.0,0
1782712620,6900.0,6900.0,6900.0,6900.0,0
1782712680,6900.0,6900.0,6900.0,6900.0,0
1782712740,6900.0,6900.0,6900.0,6900.0,0
1782712800,6900.0,6900.0,6900.0,6900.0,0
1782712860,6920.0,6920.0,6920.0,6920.0,60
1782712920,6920.0,6920.0,6920.0,6920.0,0
1782712980,6920.0,6920.0,6920.0,6920.0,0
1782713040,6920.0,6920.0,6920.0,6920.0,0
1782713100,6920.0,6920.0,6920.0,6920.0,0
1782713160,6920.0,6920.0,6920.0,6920.0,0
1782713220,6920.0,6920.0,6920.0,6920.0,0
1782713280,6920.0,6920.0,6920.0,6920.0,0
1782713340,6920.0,6920.0,6920.0,6920.0,0
1782713400,6920.0,6920.0,6920.0,6920.0,0
1782713460,6920.0,6920.0,6920.0,6920.0,0
1782713520,6920.0,6920.0,6920.0,6920.0,0
1782713580,6920.0,6920.0,6920.0,6920.0,0
1782713640,6920.0,6920.0,6920.0,6920.0,0
1782713700,6920.0,6920.0,6920.0,6920.0,0
1782713760,6920.0,6920.0,6920.0,6920.0,0
1782713820,6920.0,6920.0,6920.0,6920.0,0
1782713880,6920.0,6920.0,6920.0,6920.0,0
1782713940,6920.0,6920.0,6920.0,6920.0,0
1782714000,6920.0,6920.0,6920.0,6920.0,0
1782714060,6920.0,6920.0,6920.0,6920.0,0
1782714120,6920.0,7100.0,6920.0,7100.0,60
1782714180,7100.0,7100.0,7100.0,7100.0,0
1782714240,7100.0,7100.0,7080.2,7080.2,30
1782714300,7080.2,7080.2,7080.2,7080.2,0
1782714360,7080.2,7080.2,7080.2,7080.2,0
1782714420,7080.2,7080.2,7080.2,7080.2,0
1782714480,7080.2,7080.2,7080.2,7080.2,0
1782714540,7080.2,7080.2,7080.2,7080.2,0
1782714600,7080.2,7080.2,7080.2,7080.2,0
1782714660,7080.2,7080.2,7055.0,7055.0,30
1782714720,7055.0,7055.0,7055.0,7055.0,0
1782714780,7055.0,7055.0,7055.0,7055.0,0
1782714840,7055.0,7100.0,7055.0,7100.0,30
1782714900,7100.0,7100.0,7100.0,7100.0,0
1782714960,7100.0,7100.0,7100.0,7100.0,0
1782715020,7100.0,7100.0,7100.0,7100.0,0
1782715080,7100.0,7100.0,7100.0,7100.0,0
1782715140,7100.0,7100.0,7100.0,7100.0,0
1782715200,7100.0,7100.0,7100.0,7100.0,0
1782715260,7100.0,7100.0,7100.0,7100.0,0
1782715320,7100.0,7100.0,7100.0,7100.0,0
1782715380,7100.0,7100.0,7100.0,7100.0,0
1782715440,7100.0,7100.0,7100.0,7100.0,0
1782715500,7100.0,7100.0,7100.0,7100.0,0
1782715560,7100.0,7100.0,7100.0,7100.0,0
1782715620,7100.0,7100.0,7100.0,7100.0,0
1782715680,7100.0,7100.0,7100.0,7100.0,0
1782715740,7100.0,7100.0,7100.0,7100.0,0
1782715800,7100.0,7100.0,7100.0,7100.0,0
1782715860,7100.0,7100.0,7100.0,7100.0,0
1782715920,7100.0,7100.0,7100.0,7100.0,0
1782715980,7100.0,7100.0,7100.0,7100.0,0
1782716040,7100.0,7100.0,7100.0,7100.0,0
1782716100,7100.0,7100.0,7100.0,7100.0,0
1782716160,7100.0,7100.0,7100.0,7100.0,0
1782716220,7100.0,7100.0,7100.0,7100.0,0
1782716280,7100.0,7100.0,7100.0,7100.0,0
1782716340,7100.0,7100.0,7100.0,7100.0,0
1782716400,7100.0,7100.0,7100.0,7100.0,0
1782716460,7100.0,7100.0,7100.0,7100.0,0
1782716520,7100.0,7100.0,7100.0,7100.0,0
1782716580,7100.0,7100.0,7100.0,7100.0,0
1782716640,7100.0,7100.0,7100.0,7100.0,0
1782716700,7100.0,7100.0,7100.0,7100.0,0
1782716760,7100.0,7100.0,7100.0,7100.0,0
1782716820,7100.0,7100.0,7100.0,7100.0,0
1782716880,7100.0,7100.0,7100.0,7100.0,0
1782716940,7100.0,7100.0,7100.0,7100.0,0
1782717000,7100.0,7100.0,7100.0,7100.0,0
1782717060,7100.0,7100.0,7100.0,7100.0,0
1782717120,7100.0,7100.0,7100.0,7100.0,0
1782717180,7100.0,7100.0,7100.0,7100.0,0
1782717240,7100.0,7100.0,7100.0,7100.0,0
1782717300,7100.0,7100.0,7100.0,7100.0,0
1782717360,7100.0,7100.0,7100.0,7100.0,0
1782717420,7100.0,7100.0,7100.0,7100.0,0
1782717480,7100.0,7100.0,7100.0,7100.0,0
1782717540,7100.0,7100.0,7100.0,7100.0,0
1782717600,7100.0,7100.0,7100.0,7100.0,0
1782717660,7100.0,7100.0,7100.0,7100.0,0
1782717720,7100.0,7100.0,7100.0,7100.0,0
1782717780,7100.0,7100.0,7100.0,7100.0,0
1782717840,7100.0,7100.0,7100.0,7100.0,0
1782717900,7100.0,7100.0,7100.0,7100.0,0
1782717960,7100.0,7100.0,7100.0,7100.0,0
1782718020,7100.0,7100.0,7100.0,7100.0,0
1782718080,7100.0,7100.0,7100.0,7100.0,0
1782718140,7100.0,7100.0,7100.0,7100.0,0
1782718200,7100.0,7100.0,7100.0,7100.0,0
1782718260,7100.0,7100.0,7100.0,7100.0,0
1782718320,7100.0,7100.0,7100.0,7100.0,0
1782718380,7100.0,7100.0,7100.0,7100.0,0
1782718440,7100.0,7100.0,7100.0,7100.0,0
1782718500,7100.0,7100.0,7100.0,7100.0,0
1782718560,7100.0,7100.0,7100.0,7100.0,0
1782718620,7100.0,7100.0,7100.0,7100.0,0
1782718680,7100.0,7100.0,7100.0,7100.0,0
1782718740,7100.0,7100.0,7100.0,7100.0,0
1782718800,7100.0,7100.0,7100.0,7100.0,0
1782718860,7100.0,7100.0,7100.0,7100.0,0
1782718920,7100.0,7100.0,7100.0,7100.0,0
1782718980,7100.0,7100.0,7100.0,7100.0,0
1782719040,7100.0,7100.0,7100.0,7100.0,0
1782719100,7100.0,7100.0,7100.0,7100.0,0
1782719160,7100.0,7100.0,7100.0,7100.0,0
1782719220,7100.0,7100.0,7100.0,7100.0,0
1782719280,7100.0,7100.0,7100.0,7100.0,0
1782719340,7100.0,7100.0,7100.0,7100.0,0
1782719400,7100.0,7100.0,7100.0,7100.0,0
1782719460,7100.0,7100.0,7100.0,7100.0,0
1782719520,7100.0,7100.0,7100.0,7100.0,0
1782719580,7100.0,7100.0,7100.0,7100.0,0
1782719640,7100.0,7100.0,7100.0,7100.0,0
1782719700,7100.0,7100.0,7100.0,7100.0,0
1782719760,7100.0,7100.0,7100.0,7100.0,0
1782719820,7100.0,7100.0,7100.0,7100.0,0
1782719880,7100.0,7100.0,7100.0,7100.0,0
1782719940,7100.0,7100.0,7100.0,7100.0,0
1782720000,7100.0,7100.0,7100.0,7100.0,0
1782720060,7100.0,7100.0,7100.0,7100.0,0
1782720120,7100.0,7100.0,7100.0,7100.0,0
1782720180,7100.0,7200.0,7100.0,7200.0,30
1782720240,7200.0,7200.0,7200.0,7200.0,0
1782720300,7200.0,7200.0,7200.0,7200.0,0
1782720360,7200.0,7200.0,7200.0,7200.0,0
1782720420,7200.0,7200.0,7200.0,7200.0,0
1782720480,7200.0,7200.0,7200.0,7200.0,0
1782720540,7200.0,7200.0,7200.0,7200.0,0
1782720600,7200.0,7200.0,7200.0,7200.0,0
1782720660,7200.0,7200.0,7200.0,7200.0,0
1782720720,7200.0,7200.0,7200.0,7200.0,0
1782720780,7200.0,7200.0,7200.0,7200.0,0
1782720840,7200.0,7200.0,7200.0,7200.0,0
1782720900,7200.0,7200.0,7200.0,7200.0,0
1782720960,7200.0,7200.0,7200.0,7200.0,0
1782721020,7200.0,7200.0,7175.0,7175.0,30
1782721080,7175.0,7175.0,7175.0,7175.0,0
1782721140,7175.0,7175.0,7175.0,7175.0,0
1782721200,7175.0,7175.0,7175.0,7175.0,0
1782721260,7175.0,7175.0,7175.0,7175.0,0
1782721320,7175.0,7185.0,7175.0,7185.0,60
1782721380,7185.0,7190.0,7185.0,7190.0,30
1782721440,7190.0,7190.0,7190.0,7190.0,0
1782721500,7190.0,7190.0,7190.0,7190.0,0
1782721560,7190.0,7190.0,7190.0,7190.0,0
1782721620,7190.0,7190.0,7190.0,7190.0,0
1782721680,7190.0,7190.0,7190.0,7190.0,0
1782721740,7190.0,7190.0,7190.0,7190.0,0
1782721800,7190.0,7190.0,7190.0,7190.0,0
1782721860,7190.0,7190.0,7190.0,7190.0,0
1782721920,7190.0,7190.0,7190.0,7190.0,0
1782721980,7190.0,7190.0,7190.0,7190.0,0
1782722040,7190.0,7190.0,7190.0,7190.0,0
1782722100,7190.0,7190.0,7190.0,7190.0,0
1782722160,7190.0,7190.0,7190.0,7190.0,0
1782722220,7190.0,7190.0,7190.0,7190.0,0
1782722280,7190.0,7190.0,7190.0,7190.0,0
1782722340,7190.0,7190.0,7190.0,7190.0,0
1782722400,7190.0,7190.0,7190.0,7190.0,0
1782722460,7190.0,7190.0,7190.0,7190.0,0
1782722520,7190.0,7190.0,7120.0,7120.0,60
1782722580,7120.0,7120.0,7120.0,7120.0,0
1782722640,7120.0,7120.0,7120.0,7120.0,0
1782722700,7120.0,7120.0,7120.0,7120.0,0
1782722760,7120.0,7120.0,7120.0,7120.0,0
1782722820,7120.0,7120.0,7120.0,7120.0,60
1782722880,7120.0,7120.0,7120.0,7120.0,0
1782722940,7120.0,7120.0,7080.0,7080.0,60
1782723000,7080.0,7080.0,7080.0,7080.0,0
1782723060,7080.0,7080.0,7080.0,7080.0,0
1782723120,7080.0,7080.0,7080.0,7080.0,0
1782723180,7080.0,7080.0,7080.0,7080.0,0
1782723240,7080.0,7080.0,7080.0,7080.0,0
1782723300,7080.0,7080.0,7080.0,7080.0,0
1782723360,7080.0,7080.0,7080.0,7080.0,0
1782723420,7080.0,7080.0,7080.0,7080.0,0
1782723480,7080.0,7080.0,7080.0,7080.0,0
1782723540,7080.0,7080.0,7080.0,7080.0,0
1782723600,7080.0,7080.0,7080.0,7080.0,0
1782723660,7080.0,7080.0,7080.0,7080.0,0
1782723720,7080.0,7080.0,7080.0,7080.0,0
1782723780,7080.0,7080.0,7060.0,7060.0,60
1782723840,7060.0,7060.0,7060.0,7060.0,0
1782723900,7060.0,7060.0,7060.0,7060.0,0
1782723960,7060.0,7060.0,7060.0,7060.0,0
1782724020,7060.0,7060.0,7060.0,7060.0,30
1782724080,7060.0,7060.0,7060.0,7060.0,0
1782724140,7060.0,7060.0,7060.0,7060.0,0
1782724200,7060.0,7100.0,7060.0,7100.0,90
1782724260,7100.0,7100.0,7100.0,7100.0,60
1782724320,7100.0,7100.0,7090.0,7090.0,30
1782724380,7090.0,7090.0,7090.0,7090.0,0
1782724440,7090.0,7090.0,7090.0,7090.0,0
1782724500,7090.0,7090.0,7090.0,7090.0,0
1782724560,7060.0,7060.0,7060.0,7060.0,30
1782724620,7060.0,7060.0,7050.2,7050.2,30
1782724680,7050.2,7050.2,7050.2,7050.2,0
1782724740,7050.2,7050.2,7050.2,7050.2,0
1782724800,7050.2,7050.2,7050.2,7050.2,0
1782724860,7050.2,7050.2,7050.2,7050.2,0
1782724920,7050.2,7050.2,7050.2,7050.2,0
1782724980,7050.2,7147.9,7050.2,7147.9,30
1782725040,7147.9,7147.9,7147.9,7147.9,0
1782725100,7147.9,7147.9,7147.9,7147.9,0
1782725160,7147.9,7147.9,7147.9,7147.9,0
1782725220,7147.9,7147.9,7147.9,7147.9,0
1782725280,7147.9,7147.9,7147.9,7147.9,0
1782725340,7147.9,7147.9,7147.9,7147.9,0
1782725400,7147.9,7147.9,7147.9,7147.9,0
1782725460,7147.9,7147.9,7147.9,7147.9,0
1782725520,7147.9,7147.9,7147.9,7147.9,0
1782725580,7147.9,7147.9,7147.9,7147.9,0
1782725640,7147.9,7246.6,7147.9,7246.6,30
1782725700,7246.6,7277.9,7246.6,7277.9,90
1782725760,7277.9,7277.9,7277.9,7277.9,0
1782725820,7277.9,7277.9,7277.9,7277.9,0
1782725880,7277.9,7277.9,7277.9,7277.9,0
1782725940,7277.9,7277.9,7277.9,7277.9,0
1782726000,7277.9,7277.9,7277.9,7277.9,0
1782726060,7277.9,7277.9,7277.9,7277.9,0
1782726120,7277.9,7277.9,7277.9,7277.9,0
1782726180,7277.9,7277.9,7277.9,7277.9,0
1782726240,7277.9,7277.9,7277.9,7277.9,0
1782726300,7277.9,7277.9,7277.9,7277.9,0
1782726360,7277.9,7277.9,7277.9,7277.9,0
1782726420,7277.9,7277.9,7277.9,7277.9,0
1782726480,7277.9,7277.9,7277.9,7277.9,0
1782726540,7277.9,7277.9,7277.9,7277.9,0
1782726600,7277.9,7277.9,7277.9,7277.9,0
1782726660,7277.9,7277.9,7277.9,7277.9,0
1782726720,7277.9,7277.9,7277.9,7277.9,0
1782726780,7277.9,7277.9,7277.9,7277.9,0
1782726840,7277.9,7277.9,7277.9,7277.9,0
1782726900,7277.9,7277.9,7277.9,7277.9,0
1782726960,7277.9,7277.9,7277.9,7277.9,0
1782727020,7277.9,7277.9,7277.9,7277.9,0
1782727080,7277.9,7277.9,7277.9,7277.9,0
1782727140,7277.9,7277.9,7277.9,7277.9,0
1782792960,7320.0,7320.0,7320.0,7320.0,60
1782793020,7320.0,7320.0,7320.0,7320.0,0
1782793080,7320.0,7320.0,7320.0,7320.0,0
1782793140,7320.0,7320.0,7320.0,7320.0,0
1782793200,7320.0,7320.0,7300.0,7300.0,120
1782793260,7300.0,7300.0,7300.0,7300.0,0
1782793320,7300.0,7300.0,7300.0,7300.0,0
1782793380,7300.0,7300.0,7300.0,7300.0,0
1782793440,7300.0,7300.0,7300.0,7300.0,0
1782793500,7300.0,7300.0,7300.0,7300.0,0
1782793560,7300.0,7300.0,7300.0,7300.0,0
1782793620,7300.0,7300.0,7300.0,7300.0,0
1782793680,7300.0,7300.0,7300.0,7300.0,0
1782793740,7300.0,7300.0,7300.0,7300.0,0
1782793800,7300.0,7300.0,7300.0,7300.0,0
1782793860,7300.0,7300.0,7300.0,7300.0,0
1782793920,7300.0,7300.0,7300.0,7300.0,0
1782793980,7300.0,7300.0,7300.0,7300.0,0
1782794040,7300.0,7300.0,7300.0,7300.0,0
1782794100,7300.0,7300.0,7300.0,7300.0,0
1782794160,7300.0,7300.0,7300.0,7300.0,0
1782794220,7300.0,7300.0,7300.0,7300.0,0
1782794280,7300.0,7300.0,7300.0,7300.0,0
1782794340,7300.0,7300.0,7300.0,7300.0,0
1782794400,7300.0,7300.0,7300.0,7300.0,0
1782794460,7300.0,7300.0,7300.0,7300.0,0
1782794520,7300.0,7300.0,7300.0,7300.0,0
1782794580,7300.0,7300.0,7300.0,7300.0,0
1782794640,7300.0,7300.0,7300.0,7300.0,0
1782794700,7300.0,7300.0,7300.0,7300.0,0
1782794760,7300.0,7300.0,7300.0,7300.0,0
1782794820,7300.0,7300.0,7300.0,7300.0,0
1782794880,7300.0,7300.0,7300.0,7300.0,0
1782794940,7300.0,7300.0,7250.0,7250.0,90
1782795000,7250.0,7250.0,7250.0,7250.0,0
1782795060,7250.0,7250.0,7250.0,7250.0,0
1782795120,7250.0,7250.0,7250.0,7250.0,0
1782795180,7250.0,7250.0,7250.0,7250.0,0
1782795240,7250.0,7250.0,7250.0,7250.0,0
1782795300,7250.0,7250.0,7250.0,7250.0,0
1782795360,7250.0,7250.0,7250.0,7250.0,0
1782795420,7250.0,7250.0,7250.0,7250.0,0
1782795480,7250.0,7250.0,7250.0,7250.0,0
1782795540,7250.0,7250.0,7250.0,7250.0,0
1782795600,7250.0,7250.0,7250.0,7250.0,0
1782795660,7250.0,7250.0,7250.0,7250.0,0
1782795720,7250.0,7250.0,7250.0,7250.0,0
1782795780,7250.0,7250.0,7250.0,7250.0,0
1782795840,7250.0,7250.0,7250.0,7250.0,0
1782795900,7250.0,7250.0,7250.0,7250.0,0
1782795960,7250.0,7250.0,7250.0,7250.0,0
1782796020,7250.0,7250.0,7200.0,7200.0,90
1782796080,7200.0,7200.0,7200.0,7200.0,0
1782796140,7200.0,7200.0,7200.0,7200.0,0
1782796200,7200.0,7200.0,7200.0,7200.0,0
1782796260,7200.0,7200.0,7200.0,7200.0,0
1782796320,7200.0,7200.0,7200.0,7200.0,0
1782796380,7200.0,7200.0,7200.0,7200.0,0
1782796440,7200.0,7200.0,7200.0,7200.0,0
1782796500,7200.0,7200.0,7200.0,7200.0,0
1782796560,7200.0,7200.0,7200.0,7200.0,0
1782796620,7200.0,7200.0,7200.0,7200.0,0
1782796680,7200.0,7200.0,7200.0,7200.0,0
1782796740,7200.0,7200.0,7200.0,7200.0,0
1782796800,7200.0,7200.0,7200.0,7200.0,0
1782796860,7200.0,7225.0,7200.0,7225.0,600
1782796920,7225.0,7225.0,7225.0,7225.0,600
1782796980,7225.0,7265.0,7225.0,7265.0,60
1782797040,7265.0,7331.35,7265.0,7331.35,360
1782797100,7331.35,7331.35,7331.35,7331.35,0
1782797160,7331.35,7354.8,7321.0,7321.0,390
1782797220,7321.0,7321.0,7300.0,7300.0,90
1782797280,7300.0,7370.75,7300.0,7337.35,120
1782797340,7337.35,7337.35,7337.35,7337.35,0
1782797400,7337.35,7337.35,7337.35,7337.35,0
1782797460,7337.35,7337.35,7337.35,7337.35,0
1782797520,7337.35,7337.35,7337.35,7337.35,0
1782797580,7337.35,7337.35,7337.35,7337.35,0
1782797640,7337.35,7337.35,7286.7,7286.7,30
1782797700,7286.7,7286.7,7286.7,7286.7,0
1782797760,7286.7,7286.7,7286.7,7286.7,0
1782797820,7286.7,7286.7,7286.7,7286.7,0
1782797880,7286.7,7286.7,7286.7,7286.7,0
1782797940,7286.7,7286.7,7286.7,7286.7,0
1782798000,7286.7,7286.7,7286.7,7286.7,0
1782798060,7286.7,7286.7,7286.7,7286.7,0
1782798120,7286.7,7286.7,7286.7,7286.7,0
1782798180,7286.7,7286.7,7286.7,7286.7,0
1782798240,7286.7,7286.7,7286.7,7286.7,0
1782798300,7286.7,7286.7,7286.7,7286.7,0
1782798360,7286.7,7286.7,7286.7,7286.7,0
1782798420,7286.7,7286.7,7286.7,7286.7,0
1782798480,7286.7,7286.7,7286.7,7286.7,0
1782798540,7286.7,7286.7,7286.7,7286.7,0
1782798600,7286.7,7286.7,7286.7,7286.7,0
1782798660,7286.7,7286.7,7286.7,7286.7,0
1782798720,7286.7,7286.7,7286.7,7286.7,0
1782798780,7286.7,7286.7,7286.7,7286.7,0
1782798840,7286.7,7286.7,7286.7,7286.7,0
1782798900,7286.7,7286.7,7286.7,7286.7,0
1782798960,7286.7,7286.7,7286.7,7286.7,0
1782799020,7286.7,7286.7,7286.7,7286.7,0
1782799080,7286.7,7286.7,7286.7,7286.7,0
1782799140,7286.7,7286.7,7286.7,7286.7,0
1782799200,7286.7,7286.7,7286.7,7286.7,0
1782799260,7286.7,7286.7,7286.7,7286.7,0
1782799320,7286.7,7286.7,7286.7,7286.7,0
1782799380,7286.7,7286.7,7286.7,7286.7,0
1782799440,7286.7,7286.7,7286.7,7286.7,0
1782799500,7286.7,7286.7,7286.7,7286.7,0
1782799560,7286.7,7286.7,7286.7,7286.7,0
1782799620,7286.7,7286.7,7286.7,7286.7,0
1782799680,7286.7,7286.7,7286.7,7286.7,0
1782799740,7286.7,7286.7,7286.7,7286.7,0
1782799800,7286.7,7286.7,7286.7,7286.7,0
1782799860,7286.7,7286.7,7286.7,7286.7,0
1782799920,7286.7,7286.7,7286.7,7286.7,0
1782799980,7286.7,7286.7,7286.7,7286.7,0
1782800040,7286.7,7286.7,7286.7,7286.7,0
1782800100,7286.7,7286.7,7286.7,7286.7,0
1782800160,7286.7,7286.7,7286.7,7286.7,0
1782800220,7286.7,7286.7,7286.7,7286.7,0
1782800280,7286.7,7286.7,7286.7,7286.7,0
1782800340,7286.7,7286.7,7286.7,7286.7,0
1782800400,7286.7,7286.7,7286.7,7286.7,0
1782800460,7286.7,7286.7,7286.7,7286.7,0
1782800520,7286.7,7286.7,7286.7,7286.7,0
1782800580,7286.7,7286.7,7286.7,7286.7,0
1782800640,7286.7,7286.7,7286.7,7286.7,0
1782800700,7286.7,7286.7,7286.7,7286.7,0
1782800760,7286.7,7286.7,7286.7,7286.7,0
1782800820,7286.7,7286.7,7286.7,7286.7,0
1782800880,7286.7,7286.7,7286.7,7286.7,0
1782800940,7286.7,7286.7,7286.7,7286.7,0
1782801000,7286.7,7286.7,7286.7,7286.7,0
1782801060,7286.7,7286.7,7286.7,7286.7,0
1782801120,7286.7,7286.7,7286.7,7286.7,0
1782801180,7286.7,7286.7,7286.7,7286.7,0
1782801240,7286.7,7286.7,7286.7,7286.7,0
1782801300,7286.7,7300.0,7286.7,7300.0,90
1782801360,7300.0,7300.0,7300.0,7300.0,0
1782801420,7300.0,7361.95,7300.0,7337.55,60
1782801480,7337.55,7337.55,7337.55,7337.55,0
1782801540,7337.55,7337.55,7337.55,7337.55,0
1782801600,7337.55,7337.55,7337.55,7337.55,0
1782801660,7337.55,7337.55,7337.55,7337.55,0
1782801720,7337.55,7337.55,7337.55,7337.55,0
1782801780,7337.55,7337.55,7337.55,7337.55,0
1782801840,7337.55,7337.55,7337.55,7337.55,0
1782801900,7337.55,7337.55,7337.55,7337.55,0
1782801960,7337.55,7337.55,7337.55,7337.55,0
1782802020,7337.55,7337.55,7337.55,7337.55,0
1782802080,7337.55,7337.55,7337.55,7337.55,0
1782802140,7337.55,7337.55,7299.3,7299.3,30
1782802200,7299.3,7299.3,7299.3,7299.3,0
1782802260,7299.3,7299.3,7299.3,7299.3,0
1782802320,7299.3,7299.3,7299.3,7299.3,0
1782802380,7299.3,7299.3,7299.3,7299.3,0
1782802440,7299.3,7299.3,7299.3,7299.3,0
1782802500,7299.3,7299.3,7299.3,7299.3,0
1782802560,7299.3,7299.3,7299.3,7299.3,0
1782802620,7299.3,7299.3,7299.3,7299.3,0
1782802680,7299.3,7299.3,7299.3,7299.3,0
1782802740,7299.3,7299.3,7299.3,7299.3,0
1782802800,7299.3,7299.3,7299.3,7299.3,0
1782802860,7299.3,7299.3,7299.3,7299.3,0
1782802920,7299.3,7299.3,7299.3,7299.3,0
1782802980,7299.3,7299.3,7299.3,7299.3,0
1782803040,7299.3,7299.3,7299.3,7299.3,0
1782803100,7299.3,7299.3,7299.3,7299.3,0
1782803160,7299.3,7299.3,7299.3,7299.3,0
1782803220,7299.3,7299.3,7299.3,7299.3,0
1782803280,7299.3,7299.3,7299.3,7299.3,0
1782803340,7299.3,7299.3,7299.3,7299.3,0
1782803400,7299.3,7299.3,7299.3,7299.3,0
1782803460,7299.3,7299.3,7299.3,7299.3,0
1782803520,7299.3,7299.3,7299.3,7299.3,0
1782803580,7299.3,7299.3,7299.3,7299.3,0
1782803640,7299.3,7299.3,7299.3,7299.3,0
1782803700,7299.3,7299.3,7299.3,7299.3,0
1782803760,7299.3,7299.3,7299.3,7299.3,0
1782803820,7299.3,7299.3,7299.3,7299.3,0
1782803880,7299.3,7299.3,7299.3,7299.3,0
1782803940,7299.3,7299.3,7299.3,7299.3,0
1782804000,7299.3,7299.3,7299.3,7299.3,0
1782804060,7299.3,7299.3,7299.3,7299.3,0
1782804120,7299.3,7299.3,7299.3,7299.3,0
1782804180,7299.3,7299.3,7299.3,7299.3,0
1782804240,7299.3,7299.3,7299.3,7299.3,0
1782804300,7299.3,7299.3,7299.3,7299.3,0
1782804360,7299.3,7299.3,7299.3,7299.3,0
1782804420,7299.3,7299.3,7299.3,7299.3,0
1782804480,7299.3,7299.3,7299.3,7299.3,0
1782804540,7299.3,7299.3,7299.3,7299.3,0
1782804600,7299.3,7299.3,7299.3,7299.3,0
1782804660,7299.3,7299.3,7299.3,7299.3,0
1782804720,7299.3,7299.3,7299.3,7299.3,0
1782804780,7299.3,7299.3,7299.3,7299.3,0
1782804840,7299.3,7299.3,7299.3,7299.3,0
1782804900,7299.3,7299.3,7299.3,7299.3,0
1782804960,7299.3,7299.3,7299.3,7299.3,0
1782805020,7299.3,7299.3,7299.3,7299.3,0
1782805080,7299.3,7299.3,7299.3,7299.3,0
1782805140,7299.3,7299.3,7299.3,7299.3,0
1782805200,7299.3,7299.3,7299.3,7299.3,0
1782805260,7299.3,7299.3,7299.3,7299.3,0
1782805320,7299.3,7299.3,7299.3,7299.3,0
1782805380,7299.3,7299.3,7299.3,7299.3,0
1782805440,7299.3,7299.3,7299.3,7299.3,0
1782805500,7299.3,7299.3,7299.3,7299.3,0
1782805560,7299.3,7299.3,7299.3,7299.3,0
1782805620,7299.3,7299.3,7299.3,7299.3,0
1782805680,7299.3,7299.3,7299.3,7299.3,0
1782805740,7299.3,7299.3,7299.3,7299.3,0
1782805800,7299.3,7299.3,7299.3,7299.3,0
1782805860,7299.3,7299.3,7299.3,7299.3,0
1782805920,7299.3,7299.3,7299.3,7299.3,0
1782805980,7299.3,7299.3,7299.3,7299.3,0
1782806040,7299.3,7299.3,7299.3,7299.3,0
1782806100,7299.3,7299.3,7299.3,7299.3,0
1782806160,7299.3,7299.3,7299.3,7299.3,0
1782806220,7299.3,7299.3,7299.3,7299.3,0
1782806280,7299.3,7299.3,7299.3,7299.3,0
1782806340,7299.3,7299.3,7299.3,7299.3,0
1782806400,7299.3,7299.3,7299.3,7299.3,0
1782806460,7299.3,7299.3,7299.3,7299.3,0
1782806520,7299.3,7299.3,7299.3,7299.3,0
1782806580,7299.3,7299.3,7299.3,7299.3,0
1782806640,7299.3,7299.3,7299.3,7299.3,0
1782806700,7299.3,7299.3,7299.3,7299.3,0
1782806760,7299.3,7299.3,7299.3,7299.3,0
1782806820,7299.3,7299.3,7299.3,7299.3,0
1782806880,7299.3,7299.3,7299.3,7299.3,0
1782806940,7299.3,7299.3,7299.3,7299.3,0
1782807000,7299.3,7299.3,7299.3,7299.3,0
1782807060,7299.3,7299.3,7299.3,7299.3,0
1782807120,7299.3,7299.3,7299.3,7299.3,0
1782807180,7299.3,7299.3,7299.3,7299.3,0
1782807240,7299.3,7299.3,7299.3,7299.3,0
1782807300,7299.3,7299.3,7299.3,7299.3,0
1782807360,7299.3,7299.3,7299.3,7299.3,0
1782807420,7299.3,7299.3,7299.3,7299.3,0
1782807480,7299.3,7299.3,7299.3,7299.3,0
1782807540,7299.3,7299.3,7299.3,7299.3,0
1782807600,7299.3,7299.3,7299.3,7299.3,0
1782807660,7299.3,7299.3,7299.3,7299.3,0
1782807720,7299.3,7299.3,7299.3,7299.3,0
1782807780,7299.3,7299.3,7299.3,7299.3,0
1782807840,7299.3,7299.3,7299.3,7299.3,0
1782807900,7299.3,7357.6,7299.3,7357.6,30
1782807960,7357.6,7357.6,7357.6,7357.6,0
1782808020,7357.6,7400.0,7357.6,7400.0,30
1782808080,7400.0,7400.0,7400.0,7400.0,0
1782808140,7400.0,7400.0,7400.0,7400.0,0
1782808200,7400.0,7400.0,7400.0,7400.0,0
1782808260,7400.0,7400.0,7400.0,7400.0,0
1782808320,7400.0,7400.0,7400.0,7400.0,0
1782808380,7400.0,7400.0,7400.0,7400.0,0
1782808440,7400.0,7400.0,7400.0,7400.0,0
1782808500,7400.0,7400.0,7400.0,7400.0,0
1782808560,7400.0,7495.0,7400.0,7495.0,60
1782808620,7495.0,7495.0,7495.0,7495.0,0
1782808680,7495.0,7495.0,7495.0,7495.0,0
1782808740,7495.0,7495.0,7495.0,7495.0,0
1782808800,7495.0,7495.0,7495.0,7495.0,0
1782808860,7495.0,7495.0,7495.0,7495.0,0
1782808920,7495.0,7495.0,7495.0,7495.0,0
1782808980,7495.0,7495.0,7495.0,7495.0,0
1782809040,7495.0,7495.0,7495.0,7495.0,0
1782809100,7495.0,7495.0,7495.0,7495.0,0
1782809160,7495.0,7495.0,7495.0,7495.0,0
1782809220,7495.0,7495.0,7450.0,7450.0,30
1782809280,7450.0,7450.0,7450.0,7450.0,0
1782809340,7450.0,7450.0,7450.0,7450.0,0
1782809400,7450.0,7450.0,7450.0,7450.0,0
1782809460,7450.0,7450.0,7450.0,7450.0,0
1782809520,7450.0,7450.0,7450.0,7450.0,0
1782809580,7450.0,7450.0,7450.0,7450.0,0
1782809640,7450.0,7450.0,7450.0,7450.0,0
1782809700,7450.0,7450.0,7450.0,7450.0,0
1782809760,7450.0,7450.0,7450.0,7450.0,0
1782809820,7450.0,7450.0,7450.0,7450.0,0
1782809880,7300.0,7300.0,7300.0,7300.0,30
1782809940,7300.0,7300.0,7300.0,7300.0,0
1782810000,7300.0,7300.0,7300.0,7300.0,0
1782810060,7300.0,7300.0,7300.0,7300.0,0
1782810120,7300.0,7300.0,7300.0,7300.0,0
1782810180,7300.0,7300.0,7300.0,7300.0,0
1782810240,7300.0,7300.0,7300.0,7300.0,0
1782810300,7300.0,7300.0,7300.0,7300.0,0
1782810360,7300.0,7300.0,7300.0,7300.0,0
1782810420,7300.0,7300.0,7300.0,7300.0,0
1782810480,7300.0,7300.0,7300.0,7300.0,0
1782810540,7300.0,7300.0,7300.0,7300.0,0
1782810600,7300.0,7315.0,7300.0,7311.8,300
1782810660,7311.8,7311.8,7311.0,7311.0,180
1782810720,7311.0,7311.0,7311.0,7311.0,0
1782810780,7311.0,7311.0,7311.0,7311.0,0
1782810840,7311.0,7311.0,7311.0,7311.0,0
1782810900,7311.0,7311.0,7311.0,7311.0,0
1782810960,7311.0,7311.0,7311.0,7311.0,0
1782811020,7311.0,7311.0,7311.0,7311.0,0
1782811080,7311.0,7311.0,7311.0,7311.0,0
1782811140,7311.0,7311.0,7311.0,7311.0,0
1782811200,7311.0,7311.0,7311.0,7311.0,0
1782811260,7311.0,7311.0,7311.0,7311.0,0
1782811320,7311.0,7311.0,7311.0,7311.0,0
1782811380,7311.0,7311.0,7311.0,7311.0,0
1782811440,7311.0,7311.0,7311.0,7311.0,0
1782811500,7311.0,7311.0,7311.0,7311.0,0
1782811560,7311.0,7311.0,7311.0,7311.0,0
1782811620,7311.0,7311.0,7311.0,7311.0,0
1782811680,7311.0,7311.0,7311.0,7311.0,0
1782811740,7311.0,7311.0,7311.0,7311.0,0
1782811800,7311.0,7311.0,7311.0,7311.0,0
1782811860,7311.0,7311.0,7311.0,7311.0,0
1782811920,7311.0,7311.0,7311.0,7311.0,0
1782811980,7311.0,7431.1,7311.0,7431.1,30
1782812040,7431.1,7442.55,7431.1,7442.55,30
1782812100,7442.55,7442.55,7430.0,7430.0,30
1782812160,7430.0,7439.45,7430.0,7439.45,60
1782812220,7439.45,7439.45,7423.05,7423.05,30
1782812280,7423.05,7423.05,7419.9,7419.9,30
1782812340,7419.9,7419.9,7386.05,7395.5,120
1782812400,7395.9,7401.5,7395.9,7401.5,150
1782812460,7401.5,7401.5,7360.8,7364.4,90
1782812520,7364.4,7364.4,7350.0,7350.0,60
1782812580,7350.0,7376.8,7350.0,7376.8,90
1782812640,7376.8,7384.05,7376.8,7384.05,30
1782812700,7384.05,7384.05,7384.05,7384.05,0
1782812760,7384.05,7450.0,7384.05,7449.95,120
1782812820,7449.95,7449.95,7440.0,7446.85,90
1782812880,7446.85,7446.85,7440.0,7440.0,30
1782812940,7440.0,7440.0,7440.0,7440.0,0
1782813000,7440.0,7440.0,7440.0,7440.0,0
1782813060,7440.0,7440.0,7415.95,7415.95,30
1782813120,7415.95,7415.95,7415.95,7415.95,0
1782813180,7415.95,7415.95,7415.95,7415.95,0
1782813240,7415.95,7415.95,7415.95,7415.95,0
1782813300,7407.55,7407.55,7407.55,7407.55,30
1782813360,7407.55,7407.55,7407.55,7407.55,0
1782813420,7407.55,7407.55,7407.55,7407.55,0
1782813480,7407.55,7407.55,7407.55,7407.55,0
1782813540,7407.55,7407.55,7407.55,7407.55,0
